Term	Overlap	P-value	Adjusted P-value	Old P-value	Old Adjusted P-value	Z-score	Combined Score	Genes
inflammatory response to wounding (GO:0090594)	2/8	0.00815176808969097	0.3470941898077092	0.00585161863151561	0.2204109684537547	-5.381963092752038	25.884661457449923	irg1l;mmp9
zymogen activation (GO:0031638)	2/7	0.00618588653611226	0.3470941898077092	0.004717581919599	0.21239236507339024	-4.29273542422945	21.83064138108084	plaua;plaub
response to nutrient levels (GO:0031667)	2/13	0.02142188847580222	0.5626483874781306	0.01313808355086255	0.3074748441771868	-3.933282723397812	15.116950899975006	smtla;prl
chaperone mediated protein folding requiring cofactor (GO:0051085)	3/18	0.0036828301728681	0.3470941898077092	0.00182904322009554	0.15817923238232529	-2.645290310631309	14.824402000643689	dnajb1a;hspa5;dnajb1b
positive regulation of STAT cascade (GO:1904894)	2/12	0.0183382542206875	0.5180556817344221	0.01147419041214174	0.28812967034933723	-3.594090085640374	14.371925258384843	smtla;prl
protein peptidyl-prolyl isomerization (GO:0000413)	2/11	0.01546091796684443	0.5180556817344221	0.00991097355022673	0.28812967034933723	-3.2246444365380125	13.444961050245809	fkbp4;ppil3
tricarboxylic acid transport (GO:0006842)	1/6	0.10162223597718588	0.5626483874781306	0.07983863686759216	0.3905853428686073	-5.728512523769879	13.098203268959573	slc13a1
peptidyl-proline modification (GO:0018208)	2/12	0.0183382542206875	0.5180556817344221	0.01147419041214174	0.28812967034933723	-2.9849668071666215	11.93618379871931	fkbp4;ppil3
'de novo' posttranslational protein folding (GO:0051084)	3/19	0.0043165383696289	0.3470941898077092	0.00209972432365918	0.15817923238232529	-2.14881510445042	11.70094611421096	dnajb1a;hspa5;dnajb1b
positive regulation of JAK-STAT cascade (GO:0046427)	2/15	0.02817562845415735	0.5626483874781306	0.01675772717295426	0.3126780789027421	-3.159445773073027	11.277003206980392	smtla;prl
collagen fibril organization (GO:0030199)	3/23	0.00748795749878587	0.3470941898077092	0.00342540306944609	0.19188424280296967	-2.2975994105912183	11.245506609230803	serpinh1b;serpinh1a;mmp9
macromolecular complex assembly (GO:0065003)	1/6	0.10162223597718588	0.5626483874781306	0.07983863686759216	0.3905853428686073	-4.74919087641355	10.858991265923924	bmp7a
drug catabolic process (GO:0042737)	4/42	0.00635839082817282	0.3470941898077092	0.00205802074418164	0.15817923238232529	-2.118624844700645	10.71596198200398	cyp2aa9;cyp2aa8;cyp2aa4;cyp2x6
regulation of JAK-STAT cascade (GO:0046425)	2/15	0.02817562845415735	0.5626483874781306	0.01675772717295426	0.3126780789027421	-2.9476138303544137	10.520911895732723	smtla;prl
monovalent inorganic cation transport (GO:0015672)	2/17	0.03565948974988789	0.5626483874781306	0.02075001112909525	0.34737055667966876	-3.140533407789921	10.469721765634594	ca15a;slc13a1
positive regulation of cell migration involved in sprouting angiogenesis (GO:0090050)	1/6	0.10162223597718588	0.5626483874781306	0.07983863686759216	0.3905853428686073	-4.534274029960992	10.36758542032636	mt2
positive regulation of blood vessel endothelial cell migration (GO:0043536)	1/6	0.10162223597718588	0.5626483874781306	0.07983863686759216	0.3905853428686073	-4.286659264991198	9.801416015875862	mt2
T-tubule organization (GO:0033292)	1/6	0.10162223597718588	0.5626483874781306	0.07983863686759216	0.3905853428686073	-4.135409661780365	9.455584870533224	tcap
response to prostaglandin (GO:0034694)	1/6	0.10162223597718588	0.5626483874781306	0.07983863686759216	0.3905853428686073	-4.021338448208475	9.194761849495602	fabp11b
DNA replication-independent nucleosome assembly (GO:0006336)	1/7	0.11752829422210356	0.5626483874781306	0.09071591375919692	0.3905853428686073	-4.226022250096996	9.048235544119771	nasp
positive regulation of tyrosine phosphorylation of STAT protein (GO:0042531)	1/7	0.11752829422210356	0.5626483874781306	0.09071591375919692	0.3905853428686073	-4.210648810902902	9.015319839771983	smtla
columnar/cuboidal epithelial cell differentiation (GO:0002065)	1/6	0.10162223597718588	0.5626483874781306	0.07983863686759216	0.3905853428686073	-3.919199711825649	8.961222352946415	agr2
exogenous drug catabolic process (GO:0042738)	4/42	0.00635839082817282	0.3470941898077092	0.00205802074418164	0.15817923238232529	-1.7553625169009657	8.87858841209965	cyp2aa9;cyp2aa8;cyp2aa4;cyp2x6
intestinal epithelial cell differentiation (GO:0060575)	1/7	0.11752829422210356	0.5626483874781306	0.09071591375919692	0.3905853428686073	-4.1451694604895835	8.875123562811526	agr2
locus ceruleus development (GO:0021703)	1/7	0.11752829422210356	0.5626483874781306	0.09071591375919692	0.3905853428686073	-4.136462566727679	8.85648144004146	bmp7a
ventricular cardiac muscle cell differentiation (GO:0055012)	1/7	0.11752829422210356	0.5626483874781306	0.09071591375919692	0.3905853428686073	-4.089892355278443	8.75677106995941	cmlc1
purine nucleotide metabolic process (GO:0006163)	1/6	0.10162223597718588	0.5626483874781306	0.07983863686759216	0.3905853428686073	-3.7438561691511185	8.560300585852318	prps1a
nucleosome assembly (GO:0006334)	4/22	5.4845822194538e-4	0.2479031163193124	2.2608331416072e-4	0.10218965800064686	-1.1351975483576804	8.523516646571865	nasp;zgc:173552;zgc:173585;zgc:194989
retinol metabolic process (GO:0042572)	1/7	0.11752829422210356	0.5626483874781306	0.09071591375919692	0.3905853428686073	-3.949399581021152	8.455965338589293	zgc:154169
regulation of mesodermal cell differentiation (GO:1905770)	1/6	0.10162223597718588	0.5626483874781306	0.07983863686759216	0.3905853428686073	-3.677520057416304	8.408623536710909	vox
metal ion transport (GO:0030001)	2/17	0.03565948974988789	0.5626483874781306	0.02075001112909525	0.34737055667966876	-2.51979476578561	8.400340540508099	ca15a;slc13a1
positive regulation of ATP-dependent microtubule motor activity, plus-end-directed (GO:2000582)	1/7	0.11752829422210356	0.5626483874781306	0.09071591375919692	0.3905853428686073	-3.917063989767969	8.386732374633539	dynll1
positive regulation of ATPase activity (GO:0032781)	1/9	0.1485028347987774	0.5626483874781306	0.11208949263994782	0.3905853428686073	-4.3681752626277595	8.330770830949712	dynll1
growth hormone receptor signaling pathway (GO:0060396)	1/7	0.11752829422210356	0.5626483874781306	0.09071591375919692	0.3905853428686073	-3.848465584658313	8.239857963982038	smtla
axon ensheathment in central nervous system (GO:0032291)	1/8	0.13315351223500915	0.5626483874781306	0.10146570524150512	0.3905853428686073	-4.080496937352973	8.227312514498447	plp1a
nucleotide metabolic process (GO:0009117)	1/6	0.10162223597718588	0.5626483874781306	0.07983863686759216	0.3905853428686073	-3.5909505092140996	8.21068287854713	prps1a
cellular response to growth hormone stimulus (GO:0071378)	1/7	0.11752829422210356	0.5626483874781306	0.09071591375919692	0.3905853428686073	-3.7745632227416497	8.081627377791111	smtla
replication fork arrest (GO:0043111)	1/6	0.10162223597718588	0.5626483874781306	0.07983863686759216	0.3905853428686073	-3.5323636881788705	8.076724527645842	tipin
exonucleolytic nuclear-transcribed mRNA catabolic process involved in deadenylation-dependent decay (GO:0043928)	1/9	0.1485028347987774	0.5626483874781306	0.11208949263994782	0.3905853428686073	-4.185859287668278	7.983066694807767	cnot7
histone H3-K4 methylation (GO:0051568)	1/9	0.1485028347987774	0.5626483874781306	0.11208949263994782	0.3905853428686073	-4.13830515307995	7.892373768471019	unga
positive regulation of macromolecule metabolic process (GO:0010604)	3/27	0.01174051965534136	0.44222624035119135	0.00516884074293648	0.21239236507339024	-1.7711070208991009	7.872055673347184	acta2;zgc:86709;klf1
nucleoside triphosphate metabolic process (GO:0009141)	1/6	0.10162223597718588	0.5626483874781306	0.07983863686759216	0.3905853428686073	-3.435677684913114	7.855652666707542	dctpp1
epidermis development (GO:0008544)	2/18	0.03965657219960781	0.5626483874781306	0.02287986968075067	0.3566103826103208	-2.433351088837139	7.853637206463498	pth1a;znf750
regulation of ATP-dependent microtubule motor activity, plus-end-directed (GO:2000580)	1/7	0.11752829422210356	0.5626483874781306	0.09071591375919692	0.3905853428686073	-3.619390391335043	7.749390525847717	dynll1
positive regulation of microtubule motor activity (GO:2000576)	1/7	0.11752829422210356	0.5626483874781306	0.09071591375919692	0.3905853428686073	-3.5970581751720614	7.701575549942132	dynll1
protein complex subunit organization (GO:0071822)	3/31	0.01713138518149623	0.5180556817344221	0.00736240699205867	0.2559852277238861	-1.8825179163022183	7.655905011744438	serpinh1b;serpinh1a;mmp9
regulation of tyrosine phosphorylation of STAT protein (GO:0042509)	1/8	0.13315351223500915	0.5626483874781306	0.10146570524150512	0.3905853428686073	-3.766606824279655	7.594430761341026	smtla
central nervous system myelination (GO:0022010)	1/10	0.16358111983767598	0.5626483874781306	0.12258874022766836	0.3905853428686073	-4.136812681330941	7.489477071594868	plp1a
regulation of endodermal cell fate specification (GO:0042663)	2/18	0.03965657219960781	0.5626483874781306	0.02287986968075067	0.3566103826103208	-2.304208957604306	7.436831160091926	bmp7a;vox
nucleoside phosphate biosynthetic process (GO:1901293)	1/8	0.13315351223500915	0.5626483874781306	0.10146570524150512	0.3905853428686073	-3.669793019291225	7.399229676378509	prps1a
hematopoietic stem cell migration (GO:0035701)	1/11	0.17839314003742887	0.5626483874781306	0.13296489540599943	0.3905853428686073	-4.288389768417928	7.392178386015587	mmp9
regulation of DNA methylation (GO:0044030)	1/7	0.11752829422210356	0.5626483874781306	0.09071591375919692	0.3905853428686073	-3.449112263273484	7.384812083157924	unga
ventricular cardiac muscle cell development (GO:0055015)	1/8	0.13315351223500915	0.5626483874781306	0.10146570524150512	0.3905853428686073	-3.6244340690544257	7.307774575527529	cmlc1
mitotic DNA damage checkpoint (GO:0044773)	2/22	0.05718253377116958	0.5626483874781306	0.03223676702850745	0.3905853428686073	-2.492929837008749	7.133535632851592	tipin;chek1
purine-containing compound biosynthetic process (GO:0072522)	1/8	0.13315351223500915	0.5626483874781306	0.10146570524150512	0.3905853428686073	-3.4689162877445807	6.994211446320151	prps1a
microtubule nucleation (GO:0007020)	1/8	0.13315351223500915	0.5626483874781306	0.10146570524150512	0.3905853428686073	-3.4162399023461685	6.888002547879453	efcab11
regulation of cell migration involved in sprouting angiogenesis (GO:0090049)	1/8	0.13315351223500915	0.5626483874781306	0.10146570524150512	0.3905853428686073	-3.3838810527832943	6.822758933670026	mt2
C21-steroid hormone metabolic process (GO:0008207)	1/8	0.13315351223500915	0.5626483874781306	0.10146570524150512	0.3905853428686073	-3.3768446457425747	6.808571759756651	hsd3b2
mitotic G2 DNA damage checkpoint (GO:0007095)	1/9	0.1485028347987774	0.5626483874781306	0.11208949263994782	0.3905853428686073	-3.5669800269386664	6.802770350639461	chek1
purine nucleotide biosynthetic process (GO:0006164)	1/6	0.10162223597718588	0.5626483874781306	0.07983863686759216	0.3905853428686073	-2.9748347802288855	6.8019386326428295	prps1a
termination of RNA polymerase II transcription (GO:0006369)	1/6	0.10162223597718588	0.5626483874781306	0.07983863686759216	0.3905853428686073	-2.9414552008933814	6.725616461162079	ssu72
activation of adenylate cyclase activity (GO:0007190)	1/10	0.16358111983767598	0.5626483874781306	0.12258874022766836	0.3905853428686073	-3.7028168685439686	6.7037509729235465	rxfp2b
modification-dependent macromolecule catabolic process (GO:0043632)	1/9	0.1485028347987774	0.5626483874781306	0.11208949263994782	0.3905853428686073	-3.506504498483935	6.687434372079418	isg15
translesion synthesis (GO:0019985)	1/10	0.16358111983767598	0.5626483874781306	0.12258874022766836	0.3905853428686073	-3.634662913923303	6.580361900275044	poln
positive regulation of adenylate cyclase activity (GO:0045762)	1/10	0.16358111983767598	0.5626483874781306	0.12258874022766836	0.3905853428686073	-3.613928714338433	6.542823746060433	rxfp2b
cellular protein catabolic process (GO:0044257)	3/40	0.03353611469026145	0.5626483874781306	0.01406407066102439	0.3074748441771868	-1.923283743393606	6.529802894610955	ctslb;zgc:174153;zgc:174855
positive regulation of cytokine production (GO:0001819)	1/10	0.16358111983767598	0.5626483874781306	0.12258874022766836	0.3905853428686073	-3.5816660884142504	6.4844139954282465	mt2
response to glucocorticoid (GO:0051384)	1/10	0.16358111983767598	0.5626483874781306	0.12258874022766836	0.3905853428686073	-3.518608045699435	6.370250797460986	hsd3b2
regulation of mesodermal cell fate specification (GO:0042661)	1/9	0.1485028347987774	0.5626483874781306	0.11208949263994782	0.3905853428686073	-3.3146575201691166	6.321553171152172	vox
tRNA wobble uridine modification (GO:0002098)	1/11	0.17839314003742887	0.5626483874781306	0.13296489540599943	0.3905853428686073	-3.658287642427899	6.306030072019323	dph3
intracellular protein transmembrane transport (GO:0065002)	1/8	0.13315351223500915	0.5626483874781306	0.10146570524150512	0.3905853428686073	-3.115124064212198	6.28087695964157	hyou1
ion homeostasis (GO:0050801)	1/10	0.16358111983767598	0.5626483874781306	0.12258874022766836	0.3905853428686073	-3.461505632569389	6.266869946836485	prl
centromere complex assembly (GO:0034508)	1/8	0.13315351223500915	0.5626483874781306	0.10146570524150512	0.3905853428686073	-3.0903374734002873	6.230900931743636	nasp
replication fork protection (GO:0048478)	1/7	0.11752829422210356	0.5626483874781306	0.09071591375919692	0.3905853428686073	-2.808322036059914	6.012831396102778	tipin
citrate transport (GO:0015746)	1/9	0.1485028347987774	0.5626483874781306	0.11208949263994782	0.3905853428686073	-3.117349651788891	5.945257227012322	slc13a1
posttranslational protein targeting to endoplasmic reticulum membrane (GO:0006620)	1/8	0.13315351223500915	0.5626483874781306	0.10146570524150512	0.3905853428686073	-2.904760971935734	5.856731830201167	hyou1
positive regulation of growth (GO:0045927)	1/8	0.13315351223500915	0.5626483874781306	0.10146570524150512	0.3905853428686073	-2.8818019217220523	5.810440585765984	smtla
response to ketone (GO:1901654)	1/10	0.16358111983767598	0.5626483874781306	0.12258874022766836	0.3905853428686073	-3.065564006822775	5.550038908993794	hsd3b2
negative regulation of endodermal cell fate specification (GO:0042664)	1/9	0.1485028347987774	0.5626483874781306	0.11208949263994782	0.3905853428686073	-2.9060907040734905	5.542354464739488	bmp7a
sodium ion import across plasma membrane (GO:0098719)	1/10	0.16358111983767598	0.5626483874781306	0.12258874022766836	0.3905853428686073	-3.042656205481181	5.508565565595195	ca15a
proteolysis (GO:0006508)	8/158	0.00722720464310812	0.3470941898077092	7.6131161606274e-4	0.15817923238232529	-1.1161157573774338	5.502342365522955	ctslb;zgc:154142;zgc:174153;ren;habp2;zgc:174855;plaua;plaub
negative regulation of macromolecule metabolic process (GO:0010605)	1/12	0.19294358420157137	0.5626483874781306	0.143219388893372	0.3905853428686073	-3.342085088365523	5.498924574093471	gata1a
regulation of myeloid cell differentiation (GO:0045637)	1/12	0.19294358420157137	0.5626483874781306	0.143219388893372	0.3905853428686073	-3.3158667039665555	5.455785960188515	gata1a
chromatin assembly (GO:0031497)	3/21	0.00577191022289915	0.3470941898077092	0.00271266693846188	0.17516077945496752	-1.058328344511494	5.45542035382134	zgc:173552;zgc:173585;zgc:194989
Cdc42 protein signal transduction (GO:0032488)	1/11	0.17839314003742887	0.5626483874781306	0.13296489540599943	0.3905853428686073	-3.153097793447679	5.435201233193002	cdc42l2
spermatid development (GO:0007286)	1/8	0.13315351223500915	0.5626483874781306	0.10146570524150512	0.3905853428686073	-2.687897823518562	5.419480945738171	sycp3
histone exchange (GO:0043486)	1/12	0.19294358420157137	0.5626483874781306	0.143219388893372	0.3905853428686073	-3.2501412570997275	5.347644107015043	nasp
protein-DNA complex assembly (GO:0065004)	3/24	0.00844698249532035	0.3470941898077092	0.00382070394961665	0.19188424280296967	-1.103692772778103	5.268969700630102	zgc:173552;zgc:173585;zgc:194989
prostaglandin metabolic process (GO:0006693)	1/9	0.1485028347987774	0.5626483874781306	0.11208949263994782	0.3905853428686073	-2.760377222390768	5.264456818721434	zgc:56585
postreplication repair (GO:0006301)	1/13	0.2072370588433095	0.563237971574533	0.1533536349306333	0.3905853428686073	-3.3183071611066817	5.222656859366699	poln
peptidyl-arginine methylation (GO:0018216)	1/12	0.19294358420157137	0.5626483874781306	0.143219388893372	0.3905853428686073	-3.1657520332767524	5.208793669518917	prmt2
regulation of endodermal cell differentiation (GO:1903224)	1/11	0.17839314003742887	0.5626483874781306	0.13296489540599943	0.3905853428686073	-3.0146688951379708	5.196582272383735	vox
tRNA wobble base modification (GO:0002097)	1/11	0.17839314003742887	0.5626483874781306	0.13296489540599943	0.3905853428686073	-2.9786241012124997	5.134449499717749	dph3
regulation of cell development (GO:0060284)	3/41	0.03572322360134982	0.5626483874781306	0.01496558976083652	0.3074748441771868	-1.535756274444586	5.117069692666785	hes6;her3;her13
response to methylmercury (GO:0051597)	1/11	0.17839314003742887	0.5626483874781306	0.13296489540599943	0.3905853428686073	-2.9535037966277815	5.0911479850166295	mt2
positive regulation of sprouting angiogenesis (GO:1903672)	1/13	0.2072370588433095	0.563237971574533	0.1533536349306333	0.3905853428686073	-3.2341982183254703	5.090278473152484	mt2
sodium ion import (GO:0097369)	1/10	0.16358111983767598	0.5626483874781306	0.12258874022766836	0.3905853428686073	-2.8064657736510146	5.08095548024973	ca15a
high-density lipoprotein particle assembly (GO:0034380)	1/9	0.1485028347987774	0.5626483874781306	0.11208949263994782	0.3905853428686073	-2.623222593004119	5.002882198398929	apoa1b
positive regulation of steroid metabolic process (GO:0045940)	1/9	0.1485028347987774	0.5626483874781306	0.11208949263994782	0.3905853428686073	-2.6091445038812617	4.97603315339297	apoa1b
regulation of cholesterol esterification (GO:0010872)	1/9	0.1485028347987774	0.5626483874781306	0.11208949263994782	0.3905853428686073	-2.604685078672691	4.9675283551152525	apoa1b
regulation of cellular metabolic process (GO:0031323)	1/11	0.17839314003742887	0.5626483874781306	0.13296489540599943	0.3905853428686073	-2.874349143423889	4.954703923687232	cacybp
peptidyl-arginine omega-N-methylation (GO:0035247)	1/11	0.17839314003742887	0.5626483874781306	0.13296489540599943	0.3905853428686073	-2.8695696027278985	4.946465116270943	prmt2
G2 DNA damage checkpoint (GO:0031572)	1/12	0.19294358420157137	0.5626483874781306	0.143219388893372	0.3905853428686073	-3.005487696012779	4.945101549411148	chek1
regulation of sterol transport (GO:0032371)	1/9	0.1485028347987774	0.5626483874781306	0.11208949263994782	0.3905853428686073	-2.5925672134169084	4.944417753471141	apoa1b
peptidyl-arginine methylation, to asymmetrical-dimethyl arginine (GO:0019919)	1/11	0.17839314003742887	0.5626483874781306	0.13296489540599943	0.3905853428686073	-2.8655449563225868	4.939527569598343	prmt2
DNA replication checkpoint (GO:0000076)	1/12	0.19294358420157137	0.5626483874781306	0.143219388893372	0.3905853428686073	-2.965975430844032	4.880089749840006	tipin
embryonic retina morphogenesis in camera-type eye (GO:0060059)	2/28	0.08738147450861984	0.5626483874781306	0.04854457324210094	0.3905853428686073	-1.9783196599157225	4.822098740370971	atp6v0e1;egr1
microtubule polymerization (GO:0046785)	1/11	0.17839314003742887	0.5626483874781306	0.13296489540599943	0.3905853428686073	-2.7872952397480337	4.8046434068214	efcab11
triglyceride-rich lipoprotein particle remodeling (GO:0034370)	1/9	0.1485028347987774	0.5626483874781306	0.11208949263994782	0.3905853428686073	-2.518437016266331	4.803040256693901	apoa1b
regulation of organ morphogenesis (GO:2000027)	1/10	0.16358111983767598	0.5626483874781306	0.12258874022766836	0.3905853428686073	-2.649884456153473	4.79747341867844	vox
regulation of nervous system development (GO:0051960)	3/41	0.03572322360134982	0.5626483874781306	0.01496558976083652	0.3074748441771868	-1.4351682460694342	4.781914980940313	hes6;her3;her13
phospholipid efflux (GO:0033700)	1/9	0.1485028347987774	0.5626483874781306	0.11208949263994782	0.3905853428686073	-2.4914998698386577	4.751667044714835	apoa1b
primary alcohol metabolic process (GO:0034308)	1/11	0.17839314003742887	0.5626483874781306	0.13296489540599943	0.3905853428686073	-2.7523145727062657	4.744344939378232	zgc:154169
otolith morphogenesis (GO:0032474)	1/15	0.2350711225132575	0.563237971574533	0.17326696029736652	0.3905853428686073	-3.260355396522103	4.720561513881728	ttc9c
positive regulation of biosynthetic process (GO:0009891)	1/10	0.16358111983767598	0.5626483874781306	0.12258874022766836	0.3905853428686073	-2.579250406019806	4.669594266369376	apoa1b
very-low-density lipoprotein particle remodeling (GO:0034372)	1/9	0.1485028347987774	0.5626483874781306	0.11208949263994782	0.3905853428686073	-2.4411159170131884	4.655577227042578	apoa1b
cellular zinc ion homeostasis (GO:0006882)	1/11	0.17839314003742887	0.5626483874781306	0.13296489540599943	0.3905853428686073	-2.6931599906303005	4.642376310902314	mt2
negative regulation of DNA-dependent DNA replication (GO:2000104)	1/10	0.16358111983767598	0.5626483874781306	0.12258874022766836	0.3905853428686073	-2.5198452253879022	4.5620443789199285	tipin
zinc ion homeostasis (GO:0055069)	1/11	0.17839314003742887	0.5626483874781306	0.13296489540599943	0.3905853428686073	-2.6456904423536116	4.560549940699421	mt2
regulation of gastrulation (GO:0010470)	1/14	0.22127808956693293	0.563237971574533	0.163369031456223	0.3905853428686073	-2.9006666674368393	4.375177187366415	pigp
DNA-templated transcription, termination (GO:0006353)	1/11	0.17839314003742887	0.5626483874781306	0.13296489540599943	0.3905853428686073	-2.5314535703999845	4.36363236059495	ssu72
response to copper ion (GO:0046688)	1/13	0.2072370588433095	0.563237971574533	0.1533536349306333	0.3905853428686073	-2.766686730380612	4.354465915482677	mt2
histone methylation (GO:0016571)	1/13	0.2072370588433095	0.563237971574533	0.1533536349306333	0.3905853428686073	-2.7596615283666446	4.343409006732117	prmt2
positive regulation of peptidyl-tyrosine phosphorylation (GO:0050731)	1/15	0.2350711225132575	0.563237971574533	0.17326696029736652	0.3905853428686073	-2.9614390373806665	4.28777033340554	smtla
synapsis (GO:0007129)	1/11	0.17839314003742887	0.5626483874781306	0.13296489540599943	0.3905853428686073	-2.4857683036879887	4.284881673417473	ccne1
glycolipid metabolic process (GO:0006664)	1/12	0.19294358420157137	0.5626483874781306	0.143219388893372	0.3905853428686073	-2.6006207176552967	4.278950653289668	sccpdha
lipoprotein metabolic process (GO:0042157)	1/11	0.17839314003742887	0.5626483874781306	0.13296489540599943	0.3905853428686073	-2.480277770850198	4.275417282267646	apoa1b
intra-S DNA damage checkpoint (GO:0031573)	1/11	0.17839314003742887	0.5626483874781306	0.13296489540599943	0.3905853428686073	-2.47485113143272	4.266063028392215	tipin
divalent inorganic cation homeostasis (GO:0072507)	1/15	0.2350711225132575	0.563237971574533	0.17326696029736652	0.3905853428686073	-2.930422426227776	4.242862400652087	pth1a
positive regulation of cell-substrate adhesion (GO:0010811)	1/12	0.19294358420157137	0.5626483874781306	0.143219388893372	0.3905853428686073	-2.5725629996422197	4.23278567813323	agr2
dynamin family protein polymerization involved in mitochondrial fission (GO:0003374)	1/12	0.19294358420157137	0.5626483874781306	0.143219388893372	0.3905853428686073	-2.5571811664145874	4.207477064350629	mxa
cardiac muscle cell proliferation (GO:0060038)	1/15	0.2350711225132575	0.563237971574533	0.17326696029736652	0.3905853428686073	-2.885298050406804	4.177528298711654	nppa
actin filament polymerization (GO:0030041)	1/14	0.22127808956693293	0.563237971574533	0.163369031456223	0.3905853428686073	-2.7232802448164937	4.107619029681627	msrb1a
mitotic G2/M transition checkpoint (GO:0044818)	1/14	0.22127808956693293	0.563237971574533	0.163369031456223	0.3905853428686073	-2.6309900792416183	3.96841453866775	chek1
inorganic cation import across plasma membrane (GO:0098659)	1/13	0.2072370588433095	0.563237971574533	0.1533536349306333	0.3905853428686073	-2.463331914674101	3.877018219367906	ca15a
positive regulation of lipid biosynthetic process (GO:0046889)	1/13	0.2072370588433095	0.563237971574533	0.1533536349306333	0.3905853428686073	-2.438989432583557	3.838705783269678	apoa1b
dynamin family protein polymerization involved in membrane fission (GO:0003373)	1/12	0.19294358420157137	0.5626483874781306	0.143219388893372	0.3905853428686073	-2.324536128954744	3.8246928204717623	mxa
negative regulation of nervous system development (GO:0051961)	1/15	0.2350711225132575	0.563237971574533	0.17326696029736652	0.3905853428686073	-2.62967135724589	3.807414804046784	her3
cellular response to unfolded protein (GO:0034620)	1/11	0.17839314003742887	0.5626483874781306	0.13296489540599943	0.3905853428686073	-2.203192945465639	3.7977880162934654	hspa5
sulfate transport (GO:0008272)	1/15	0.2350711225132575	0.563237971574533	0.17326696029736652	0.3905853428686073	-2.6174286235162056	3.7896889519109407	slc13a1
triglyceride catabolic process (GO:0019433)	1/11	0.17839314003742887	0.5626483874781306	0.13296489540599943	0.3905853428686073	-2.1959635484655635	3.7853262310701505	apoa1b
response to unfolded protein (GO:0006986)	1/11	0.17839314003742887	0.5626483874781306	0.13296489540599943	0.3905853428686073	-2.1932516873185937	3.7806516183509102	hspa5
histone lysine methylation (GO:0034968)	1/15	0.2350711225132575	0.563237971574533	0.17326696029736652	0.3905853428686073	-2.605478898835424	3.7723873379550654	unga
Notch signaling pathway (GO:0007219)	3/56	0.07677545941318553	0.5626483874781306	0.03236249442216244	0.3905853428686073	-1.4655957493516627	3.761994096441333	hes6;her3;her13
regulation of hemopoiesis (GO:1903706)	1/16	0.2486205256890258	0.563237971574533	0.18304878737561991	0.3905853428686073	-2.6787676941585103	3.728382645151736	gata1a
nuclear-transcribed mRNA catabolic process, exonucleolytic (GO:0000291)	1/12	0.19294358420157137	0.5626483874781306	0.143219388893372	0.3905853428686073	-2.225044245250417	3.6609931091361254	cnot7
nucleosome organization (GO:0034728)	3/36	0.02551281263665421	0.5626483874781306	0.01077517385590141	0.28812967034933723	-0.9914809809225174	3.637321840543019	zgc:173552;zgc:173585;zgc:194989
regulation of peptidyl-tyrosine phosphorylation (GO:0050730)	1/14	0.22127808956693293	0.563237971574533	0.163369031456223	0.3905853428686073	-2.409263040482694	3.6339758757594134	smtla
proteolysis involved in cellular protein catabolic process (GO:0051603)	4/80	0.05355608526255522	0.5626483874781306	0.01729414153223131	0.3126780789027421	-1.214728215437474	3.5555408891587574	ctslb;zgc:174153;isg15;zgc:174855
positive regulation of gene expression (GO:0010628)	6/146	0.04569088804117878	0.5626483874781306	0.00916164316115963	0.28812967034933723	-1.1511415677759582	3.5522575596880466	kiss1rb;unga;acta2;zgc:86709;zgc:173577;klf1
carbohydrate derivative biosynthetic process (GO:1901137)	1/13	0.2072370588433095	0.563237971574533	0.1533536349306333	0.3905853428686073	-2.231538586356383	3.5122005706936252	sccpdha
response to zinc ion (GO:0010043)	1/13	0.2072370588433095	0.563237971574533	0.1533536349306333	0.3905853428686073	-2.230272156793785	3.510207347426192	mt2
sulfur compound transport (GO:0072348)	1/15	0.2350711225132575	0.563237971574533	0.17326696029736652	0.3905853428686073	-2.4108849187647903	3.4906411043590633	slc13a1
regulation of DNA metabolic process (GO:0051052)	1/14	0.22127808956693293	0.563237971574533	0.163369031456223	0.3905853428686073	-2.272898608621225	3.428292624337878	unga
mRNA polyadenylation (GO:0006378)	1/15	0.2350711225132575	0.563237971574533	0.17326696029736652	0.3905853428686073	-2.3162752855140996	3.353658923201118	ssu72
regulation of primary metabolic process (GO:0080090)	1/15	0.2350711225132575	0.563237971574533	0.17326696029736652	0.3905853428686073	-2.299933706308136	3.329998487299556	cacybp
homologous chromosome segregation (GO:0045143)	1/13	0.2072370588433095	0.563237971574533	0.1533536349306333	0.3905853428686073	-2.1082492666386208	3.318156505437207	ccne1
thymus development (GO:0048538)	1/19	0.287849494322383	0.563237971574533	0.21171108186462123	0.3905853428686073	-2.6581198450310173	3.3102032255091842	cdca7a
cellular response to topologically incorrect protein (GO:0035967)	1/13	0.2072370588433095	0.563237971574533	0.1533536349306333	0.3905853428686073	-2.1022331954042137	3.308687859476073	hspa5
inorganic anion transport (GO:0015698)	1/15	0.2350711225132575	0.563237971574533	0.17326696029736652	0.3905853428686073	-2.2825504915968367	3.304829901555427	slc13a1
epidermal cell differentiation (GO:0009913)	1/16	0.2486205256890258	0.563237971574533	0.18304878737561991	0.3905853428686073	-2.355993249844798	3.279136284930949	pth1a
positive regulation of lipid metabolic process (GO:0045834)	1/16	0.2486205256890258	0.563237971574533	0.18304878737561991	0.3905853428686073	-2.3371896954687896	3.25296498013451	apoa1b
regulation of cell fate specification (GO:0042659)	1/15	0.2350711225132575	0.563237971574533	0.17326696029736652	0.3905853428686073	-2.228295293120364	3.226275581333387	vox
negative regulation of peptidase activity (GO:0010466)	2/38	0.1452037696606975	0.5626483874781306	0.08072694063383178	0.3905853428686073	-1.662851333070575	3.208666558408234	serpinh1b;serpinh1a
organic cyclic compound biosynthetic process (GO:1901362)	1/15	0.2350711225132575	0.563237971574533	0.17326696029736652	0.3905853428686073	-2.204712987739732	3.192131535777137	hsd3b2
toll-like receptor signaling pathway (GO:0002224)	1/19	0.287849494322383	0.563237971574533	0.21171108186462123	0.3905853428686073	-2.533754925894306	3.1553294122625406	tlr4ba
mesenchymal cell development (GO:0014031)	2/43	0.176424786380038	0.5626483874781306	0.09870007640171814	0.3905853428686073	-1.8187075137564417	3.1552040684152987	rgs2;mych
RNA polyadenylation (GO:0043631)	1/16	0.2486205256890258	0.563237971574533	0.18304878737561991	0.3905853428686073	-2.265453833186285	3.1531210315336953	ssu72
DNA synthesis involved in DNA repair (GO:0000731)	1/10	0.16358111983767598	0.5626483874781306	0.12258874022766836	0.3905853428686073	-1.722982896570125	3.1193679512847483	poln
stem cell development (GO:0048864)	2/43	0.176424786380038	0.5626483874781306	0.09870007640171814	0.3905853428686073	-1.7884559187206208	3.102721767104558	rgs2;mych
regulation of JNK cascade (GO:0046328)	1/18	0.2750055326978409	0.563237971574533	0.2022695212605007	0.3905853428686073	-2.394413607750972	3.0911019186469244	pigp
anion transmembrane transport (GO:0098656)	1/19	0.287849494322383	0.563237971574533	0.21171108186462123	0.3905853428686073	-2.431830035530104	3.0284005600988735	slc13a1
positive regulation of cellular process (GO:0048522)	4/103	0.11022146437731672	0.5626483874781306	0.03770719127042101	0.3905853428686073	-1.3678636108576856	3.016499864528938	cnot7;tipin;ccne1;prl
protein polymerization (GO:0051258)	1/18	0.2750055326978409	0.563237971574533	0.2022695212605007	0.3905853428686073	-2.316523238914918	2.990548251655619	msrb1a
negative regulation of cell development (GO:0010721)	1/17	0.2619305904269681	0.563237971574533	0.19271586283009415	0.3905853428686073	-2.2207990045689052	2.975150532855892	her3
negative regulation of endodermal cell differentiation (GO:1903225)	1/9	0.1485028347987774	0.5626483874781306	0.11208949263994782	0.3905853428686073	-1.555267758206382	2.9661308201695187	bmp7a
positive regulation of cell proliferation (GO:0008284)	4/91	0.07811944644101974	0.5626483874781306	0.02587178411074987	0.38980154726863153	-1.161609569032396	2.961542482866459	cnot7;tipin;ccne1;prl
secondary alcohol biosynthetic process (GO:1902653)	1/15	0.2350711225132575	0.563237971574533	0.17326696029736652	0.3905853428686073	-2.02783887486831	2.9360413160073957	apoa1b
macrophage differentiation (GO:0030225)	1/18	0.2750055326978409	0.563237971574533	0.2022695212605007	0.3905853428686073	-2.2720103115160186	2.933083662061773	gata1a
negative regulation of intrinsic apoptotic signaling pathway (GO:2001243)	1/18	0.2750055326978409	0.563237971574533	0.2022695212605007	0.3905853428686073	-2.2541489571012776	2.910025295402682	hyou1
double-strand break repair (GO:0006302)	3/65	0.10806166793213912	0.5626483874781306	0.04626220344324363	0.3905853428686073	-1.3017068632746238	2.896367041695207	nabp1a;rad21l1;zgc:165656
cholesterol biosynthetic process (GO:0006695)	1/16	0.2486205256890258	0.563237971574533	0.18304878737561991	0.3905853428686073	-2.080779664259339	2.896086437628255	apoa1b
mRNA catabolic process (GO:0006402)	1/18	0.2750055326978409	0.563237971574533	0.2022695212605007	0.3905853428686073	-2.173927967662931	2.806462880970222	cnot7
protein heterooligomerization (GO:0051291)	1/18	0.2750055326978409	0.563237971574533	0.2022695212605007	0.3905853428686073	-2.173582231217398	2.806016547643901	hbaa1
regulation of mRNA metabolic process (GO:1903311)	1/16	0.2486205256890258	0.563237971574533	0.18304878737561991	0.3905853428686073	-2.011216351188175	2.799266302847864	safb
neutrophil differentiation (GO:0030223)	1/22	0.3250358306125167	0.5784102182553447	0.23937614171179808	0.4052360151825195	-2.481774923377683	2.789067933765468	gata1a
response to estradiol (GO:0032355)	1/18	0.2750055326978409	0.563237971574533	0.2022695212605007	0.3905853428686073	-2.154399610929552	2.7812524742254707	vtg1
regulation of lipid biosynthetic process (GO:0046890)	1/18	0.2750055326978409	0.563237971574533	0.2022695212605007	0.3905853428686073	-2.1516624343074593	2.777718877573314	apoa1b
response to cadmium ion (GO:0046686)	1/16	0.2486205256890258	0.563237971574533	0.18304878737561991	0.3905853428686073	-1.9955569532622104	2.777471121582983	mt2
cholesterol homeostasis (GO:0042632)	1/17	0.2619305904269681	0.563237971574533	0.19271586283009415	0.3905853428686073	-2.070872490710867	2.77429762060391	apoa1b
oligodendrocyte development (GO:0014003)	1/20	0.3004665444807676	0.56824635190505	0.2210418486479661	0.396471887257463	-2.283248831415796	2.745421466208853	plp1a
reverse cholesterol transport (GO:0043691)	1/9	0.1485028347987774	0.5626483874781306	0.11208949263994782	0.3905853428686073	-1.4214542128148062	2.7109281523023196	apoa1b
regulation of mRNA processing (GO:0050684)	1/18	0.2750055326978409	0.563237971574533	0.2022695212605007	0.3905853428686073	-2.094740750273324	2.7042350291016226	safb
acylglycerol catabolic process (GO:0046464)	1/18	0.2750055326978409	0.563237971574533	0.2022695212605007	0.3905853428686073	-2.0802770995940096	2.685562975860386	apoa1b
primitive erythrocyte differentiation (GO:0060319)	1/20	0.3004665444807676	0.56824635190505	0.2210418486479661	0.396471887257463	-2.220942056471486	2.6705026246578503	klf1
photoreceptor cell differentiation (GO:0046530)	1/19	0.287849494322383	0.563237971574533	0.21171108186462123	0.3905853428686073	-2.1352420170464317	2.6590543030942073	rdh5
sterol homeostasis (GO:0055092)	1/17	0.2619305904269681	0.563237971574533	0.19271586283009415	0.3905853428686073	-1.9591132592705425	2.6245764903768225	apoa1b
nucleotide biosynthetic process (GO:0009165)	1/18	0.2750055326978409	0.563237971574533	0.2022695212605007	0.3905853428686073	-2.024377396016753	2.613398467431221	prps1a
negative regulation of cellular protein metabolic process (GO:0032269)	1/19	0.287849494322383	0.563237971574533	0.21171108186462123	0.3905853428686073	-2.097874928823149	2.6125204132864086	cnot7
hydrogen peroxide catabolic process (GO:0042744)	1/19	0.287849494322383	0.563237971574533	0.21171108186462123	0.3905853428686073	-2.094259478678244	2.6080180298616344	hbaa1
cholesterol efflux (GO:0033344)	1/17	0.2619305904269681	0.563237971574533	0.19271586283009415	0.3905853428686073	-1.945132734742326	2.605847120940797	apoa1b
positive regulation of cellular metabolic process (GO:0031325)	1/18	0.2750055326978409	0.563237971574533	0.2022695212605007	0.3905853428686073	-2.010968019527591	2.5960874442816153	apoa1b
negative regulation of cell death (GO:0060548)	1/21	0.3128606807727017	0.574849706135208	0.23026311056840632	0.39724780907221247	-2.214000441444124	2.5726625282601527	agr2
negative regulation of neurogenesis (GO:0050768)	1/21	0.3128606807727017	0.574849706135208	0.23026311056840632	0.39724780907221247	-2.2114005298684227	2.5696414380370483	her3
retinoid metabolic process (GO:0001523)	1/19	0.287849494322383	0.563237971574533	0.21171108186462123	0.3905853428686073	-2.051077843291155	2.554243182573123	zgc:154169
gliogenesis (GO:0042063)	1/18	0.2750055326978409	0.563237971574533	0.2022695212605007	0.3905853428686073	-1.958839482141854	2.528791375879857	plp1a
regulation of cell-substrate adhesion (GO:0010810)	1/11	0.17839314003742887	0.5626483874781306	0.13296489540599943	0.3905853428686073	-1.4607684404226886	2.518022259028472	agr2
regulation of pathway-restricted SMAD protein phosphorylation (GO:0060393)	2/44	0.1827920207743061	0.5626483874781306	0.10241986261336494	0.3905853428686073	-1.4749631423465592	2.5065616135178512	gdf11;bmp7a
hexose metabolic process (GO:0019318)	1/19	0.287849494322383	0.563237971574533	0.21171108186462123	0.3905853428686073	-2.0094366065386295	2.502386620699107	zgc:153343
wound healing (GO:0042060)	1/19	0.287849494322383	0.563237971574533	0.21171108186462123	0.3905853428686073	-2.0078429264274034	2.500401982927987	mmp9
negative regulation of cell fate specification (GO:0009996)	1/11	0.17839314003742887	0.5626483874781306	0.13296489540599943	0.3905853428686073	-1.4427551556919969	2.486971580046816	bmp7a
positive regulation of pathway-restricted SMAD protein phosphorylation (GO:0010862)	2/43	0.176424786380038	0.5626483874781306	0.09870007640171814	0.3905853428686073	-1.421636551823455	2.4663412880813333	gdf11;bmp7a
steroid metabolic process (GO:0008202)	1/18	0.2750055326978409	0.563237971574533	0.2022695212605007	0.3905853428686073	-1.9087698757561833	2.4641533134065923	hsd3b2
histone arginine methylation (GO:0034969)	1/14	0.22127808956693293	0.563237971574533	0.163369031456223	0.3905853428686073	-1.6331868675698091	2.463392986830822	prmt2
response to endoplasmic reticulum stress (GO:0034976)	1/21	0.3128606807727017	0.574849706135208	0.23026311056840632	0.39724780907221247	-2.083574354869842	2.421107768217555	pdia4
regulation of neurogenesis (GO:0050767)	3/74	0.1434043878140187	0.5626483874781306	0.06264052072735136	0.3905853428686073	-1.2417337852768848	2.4115547349657116	hes6;her3;her13
granulocyte differentiation (GO:0030851)	1/25	0.3602856078215887	0.6031447953161412	0.26607837200613754	0.42347684558723303	-2.3087614075301124	2.3569180309092026	gata1a
dopaminergic neuron differentiation (GO:0071542)	1/19	0.287849494322383	0.563237971574533	0.21171108186462123	0.3905853428686073	-1.8878687774709992	2.3509960727333796	manf
pattern recognition receptor signaling pathway (GO:0002221)	1/18	0.2750055326978409	0.563237971574533	0.2022695212605007	0.3905853428686073	-1.8003462069366112	2.324182253423469	tlr4ba
response to yeast (GO:0001878)	1/25	0.3602856078215887	0.6031447953161412	0.26607837200613754	0.42347684558723303	-2.2657373285061655	2.3129965467384825	hspa5
cellular response to metal ion (GO:0071248)	1/20	0.3004665444807676	0.56824635190505	0.2210418486479661	0.396471887257463	-1.9227209987982408	2.311915999255331	mt2
regulation of stem cell differentiation (GO:2000736)	1/22	0.3250358306125167	0.5784102182553447	0.23937614171179808	0.4052360151825195	-2.0373788701880424	2.289646825844741	cdca7a
positive regulation of cholesterol esterification (GO:0010873)	1/9	0.1485028347987774	0.5626483874781306	0.11208949263994782	0.3905853428686073	-1.1976120477974797	2.284027291657552	apoa1b
glucose metabolic process (GO:0006006)	1/21	0.3128606807727017	0.574849706135208	0.23026311056840632	0.39724780907221247	-1.960536923895836	2.2781386060100917	zgc:153343
positive regulation of cell adhesion (GO:0045785)	1/12	0.19294358420157137	0.5626483874781306	0.143219388893372	0.3905853428686073	-1.380867010340604	2.272019812766196	agr2
hydrogen peroxide metabolic process (GO:0042743)	1/20	0.3004665444807676	0.56824635190505	0.2210418486479661	0.396471887257463	-1.8664374463477136	2.244239594053208	hbaa1
regulation of endopeptidase activity (GO:0052548)	2/42	0.17009396466892956	0.5626483874781306	0.09502003396183092	0.3905853428686073	-1.2548100807327287	2.2227759241146368	serpinh1b;serpinh1a
negative regulation of cellular amide metabolic process (GO:0034249)	1/20	0.3004665444807676	0.56824635190505	0.2210418486479661	0.396471887257463	-1.8330833443998689	2.2041339926777543	cnot7
mitochondrial fission (GO:0000266)	1/23	0.3369958524373208	0.5926930945590233	0.24838220148717835	0.41275277600075233	-2.019546832653443	2.196630101977136	mxa
neural crest cell differentiation (GO:0014033)	2/53	0.24123077466998977	0.563237971574533	0.13745907137566826	0.3905853428686073	-1.52230737863398	2.1647229685480833	rgs2;mych
RNA catabolic process (GO:0006401)	1/23	0.3369958524373208	0.5926930945590233	0.24838220148717835	0.41275277600075233	-1.9864471435325652	2.160628078001551	cnot7
mRNA 3'-end processing (GO:0031124)	1/22	0.3250358306125167	0.5784102182553447	0.23937614171179808	0.4052360151825195	-1.9083089790305887	2.1445955195192195	ssu72
determination of ventral identity (GO:0048264)	1/22	0.3250358306125167	0.5784102182553447	0.23937614171179808	0.4052360151825195	-1.9040421696641368	2.1398003944370205	bmp7a
monovalent inorganic cation homeostasis (GO:0055067)	1/21	0.3128606807727017	0.574849706135208	0.23026311056840632	0.39724780907221247	-1.8384009499493672	2.136216934431885	ca15a
regulation of programmed cell death (GO:0043067)	4/99	0.0989396525653684	0.5626483874781306	0.03346901373240084	0.3905853428686073	-0.9231736440752212	2.1355269868522124	gdf11;bmp7a;cidec;cideb
defense response to Gram-positive bacterium (GO:0050830)	1/17	0.2619305904269681	0.563237971574533	0.19271586283009415	0.3905853428686073	-1.591680822636729	2.1323361717389675	hsp90b1
heart process (GO:0003015)	3/73	0.1393031548091089	0.5626483874781306	0.06070305919162097	0.3905853428686073	-1.079752053369058	2.1283022426469196	acta2;cmlc1;tcap
DNA-dependent DNA replication maintenance of fidelity (GO:0045005)	1/20	0.3004665444807676	0.56824635190505	0.2210418486479661	0.396471887257463	-1.7404609115085763	2.0927630321352875	tipin
intrinsic apoptotic signaling pathway in response to DNA damage (GO:0008630)	1/27	0.38275947951433387	0.6156842873326651	0.2833614097371991	0.4327005310851824	-2.125011236519548	2.04075130650029	chek1
chemical homeostasis (GO:0048878)	1/27	0.38275947951433387	0.6156842873326651	0.2833614097371991	0.4327005310851824	-2.004905388797759	1.925407838454439	prl
plasma membrane organization (GO:0007009)	1/24	0.3487445368103896	0.5948397382577211	0.2572825347512822	0.4168161494895324	-1.826038200933874	1.9235771471991896	tcap
cellular response to heat (GO:0034605)	1/21	0.3128606807727017	0.574849706135208	0.23026311056840632	0.39724780907221247	-1.6467474355861005	1.913516068803268	hspa5
blood circulation (GO:0008015)	3/84	0.18640701092470344	0.5626483874781306	0.08354289072146481	0.3905853428686073	-1.1371816917393862	1.9102636939308368	acta2;cmlc1;tcap
negative regulation of endopeptidase activity (GO:0010951)	2/39	0.15135418046583715	0.5626483874781306	0.08423311602188671	0.3905853428686073	-1.0066025415593582	1.900599096825305	serpinh1b;serpinh1a
nuclear-transcribed mRNA catabolic process, deadenylation-dependent decay (GO:0000288)	1/21	0.3128606807727017	0.574849706135208	0.23026311056840632	0.39724780907221247	-1.6030405847619695	1.8627288262902744	cnot7
regulation of morphogenesis of an epithelium (GO:1905330)	1/24	0.3487445368103896	0.5948397382577211	0.2572825347512822	0.4168161494895324	-1.7657911821037229	1.8601119970455455	pigp
primitive hemopoiesis (GO:0060215)	2/56	0.26095088648273257	0.563237971574533	0.14966294394028348	0.3905853428686073	-1.3721238844552082	1.8433428727160068	gata1a;klf1
heart contraction (GO:0060047)	3/85	0.19088098079364169	0.5626483874781306	0.08577963625958664	0.3905853428686073	-1.0945584523352003	1.8127039253216777	acta2;cmlc1;tcap
cholesterol transport (GO:0030301)	1/24	0.3487445368103896	0.5948397382577211	0.2572825347512822	0.4168161494895324	-1.7137244008353454	1.8052640368414008	apoa1b
cell projection assembly (GO:0030031)	1/26	0.3716227239504708	0.6085995334261334	0.274770929584235	0.4297455369275924	-1.775238864518828	1.757266563311692	cdc42l2
regulation of cholesterol transport (GO:0032374)	1/12	0.19294358420157137	0.5626483874781306	0.143219388893372	0.3905853428686073	-1.065214605453872	1.752658779097171	apoa1b
DNA replication (GO:0006260)	1/26	0.3716227239504708	0.6085995334261334	0.274770929584235	0.4297455369275924	-1.7677633916482438	1.7498667712144285	poln
sodium ion transport (GO:0006814)	2/50	0.2215846392443164	0.563237971574533	0.12549492073115093	0.3905853428686073	-1.1519421406438766	1.7359199506953225	ca15a;slc13a1
regulation of hematopoietic stem cell differentiation (GO:1902036)	1/27	0.38275947951433387	0.6156842873326651	0.2833614097371991	0.4327005310851824	-1.8005843495447391	1.7291884394059762	cdca7a
inflammatory response (GO:0006954)	3/86	0.1953820037985024	0.563237971574533	0.08804182389823063	0.3905853428686073	-1.057609604364181	1.7268635267302284	tlr4ba;irg1l;mmp9
lipid biosynthetic process (GO:0008610)	1/25	0.3602856078215887	0.6031447953161412	0.26607837200613754	0.42347684558723303	-1.6501014877606122	1.6845196461827825	hsd3b2
cellular transition metal ion homeostasis (GO:0046916)	1/24	0.3487445368103896	0.5948397382577211	0.2572825347512822	0.4168161494895324	-1.5983884803400903	1.683767377679291	mt2
myeloid leukocyte differentiation (GO:0002573)	1/29	0.4044459713437557	0.6347554828033943	0.30024087768559576	0.4464107786641095	-1.847884114348989	1.6727732944954683	gata1a
neuron projection regeneration (GO:0031102)	1/25	0.3602856078215887	0.6031447953161412	0.26607837200613754	0.42347684558723303	-1.6327715956032238	1.6668282835472832	apoa1b
response to ionizing radiation (GO:0010212)	1/29	0.4044459713437557	0.6347554828033943	0.30024087768559576	0.4464107786641095	-1.8010137030240476	1.6303444583159867	nabp1a
cation transport (GO:0006812)	1/31	0.4253725939872602	0.6350735432012145	0.3167261194428844	0.4503691487580021	-1.890882821406299	1.6163073532577017	p2rx4b
regulation of hematopoietic progenitor cell differentiation (GO:1901532)	1/29	0.4044459713437557	0.6347554828033943	0.30024087768559576	0.4464107786641095	-1.773755789650302	1.6056695833055827	cdca7a
fin morphogenesis (GO:0033334)	1/28	0.39369940562870703	0.6265920117752661	0.29185100087555593	0.4400290089348191	-1.720943967705093	1.6042081921736566	mmp9
glycolipid biosynthetic process (GO:0009247)	1/22	0.3250358306125167	0.5784102182553447	0.23937614171179808	0.4052360151825195	-1.41325061814482	1.5882391043251314	sccpdha
ubiquitin-dependent ERAD pathway (GO:0030433)	1/31	0.4253725939872602	0.6350735432012145	0.3167261194428844	0.4503691487580021	-1.81931034947039	1.5551279341148467	hspa5
anion transport (GO:0006820)	1/32	0.43555928847870906	0.6350735432012145	0.3248237665820989	0.4503691487580021	-1.8677554367343008	1.5523370290744385	slc13a1
actin polymerization or depolymerization (GO:0008154)	1/24	0.3487445368103896	0.5948397382577211	0.2572825347512822	0.4168161494895324	-1.4546678377488156	1.5323698091465117	msrb1a
extracellular matrix organization (GO:0030198)	3/92	0.22289478685370617	0.563237971574533	0.10213160585464046	0.3905853428686073	-0.9996346546401736	1.5005070230542847	serpinh1b;serpinh1a;mmp9
regulation of cyclin-dependent protein kinase activity (GO:1904029)	1/26	0.3716227239504708	0.6085995334261334	0.274770929584235	0.4297455369275924	-1.5145332391886115	1.4992002898560186	ccne1
recombinational repair (GO:0000725)	1/27	0.38275947951433387	0.6156842873326651	0.2833614097371991	0.4327005310851824	-1.557797807974416	1.496028753755643	nabp1a
myelination (GO:0042552)	1/35	0.465051515095078	0.650784163538623	0.3485502311153637	0.4620143025956088	-1.9190974178881797	1.4692745979421	plp1a
membrane lipid biosynthetic process (GO:0046467)	1/26	0.3716227239504708	0.6085995334261334	0.274770929584235	0.4297455369275924	-1.4818696902218602	1.4668674226652565	sccpdha
muscle cell development (GO:0055001)	1/30	0.4150025847444254	0.6350735432012145	0.3085322013065436	0.4484133600982562	-1.6241920882799716	1.428429077466411	tcap
intrinsic apoptotic signaling pathway (GO:0097193)	1/34	0.45539560221857805	0.6472918622729474	0.3407347203857855	0.4597375928787315	-1.799150564222397	1.415191651599692	chek1
spermatogenesis (GO:0007283)	1/30	0.4150025847444254	0.6350735432012145	0.3085322013065436	0.4484133600982562	-1.6060900553658228	1.4125088729768007	sycp3
organelle fission (GO:0048285)	1/32	0.43555928847870906	0.6350735432012145	0.3248237665820989	0.4503691487580021	-1.6847231294382352	1.4002144210795715	mxa
triglyceride metabolic process (GO:0006641)	1/24	0.3487445368103896	0.5948397382577211	0.2572825347512822	0.4168161494895324	-1.283305753001596	1.3518543139353034	apoa1b
convergent extension involved in axis elongation (GO:0060028)	1/32	0.43555928847870906	0.6350735432012145	0.3248237665820989	0.4503691487580021	-1.5838869969802534	1.3164070557229648	pigp
membrane fusion (GO:0061025)	1/31	0.4253725939872602	0.6350735432012145	0.3167261194428844	0.4503691487580021	-1.526717046431564	1.305022162428852	mxa
DNA-dependent DNA replication (GO:0006261)	1/30	0.4150025847444254	0.6350735432012145	0.3085322013065436	0.4484133600982562	-1.4794670709796984	1.301147689728913	poln
mRNA metabolic process (GO:0016071)	1/31	0.4253725939872602	0.6350735432012145	0.3167261194428844	0.4503691487580021	-1.5152967935308106	1.295260246708542	cnot7
positive regulation of Wnt signaling pathway (GO:0030177)	1/32	0.43555928847870906	0.6350735432012145	0.3248237665820989	0.4503691487580021	-1.5373445686007166	1.2777245100450758	grk5
epithelial cell differentiation (GO:0030855)	1/35	0.465051515095078	0.650784163538623	0.3485502311153637	0.4620143025956088	-1.6606502991681338	1.271405650327886	pth1a
protein oligomerization (GO:0051259)	1/32	0.43555928847870906	0.6350735432012145	0.3248237665820989	0.4503691487580021	-1.5279706338580683	1.269933604596243	hbaa1
regulation of heart contraction (GO:0008016)	1/33	0.4455658996147645	0.6434370179740369	0.33282626408350074	0.4572567518715573	-1.5653888627674728	1.2654761987005825	grk5
defense response to bacterium (GO:0042742)	2/61	0.29381923643187813	0.56824635190505	0.1704519054289289	0.3905853428686073	-1.0298442769473746	1.2613435309667853	hsp90b1;zranb2
metal ion homeostasis (GO:0055065)	1/32	0.43555928847870906	0.6350735432012145	0.3248237665820989	0.4503691487580021	-1.5145735079146696	1.2587989269633544	pth1a
regulation of cell death (GO:0010941)	1/34	0.45539560221857805	0.6472918622729474	0.3407347203857855	0.4597375928787315	-1.5635777231617156	1.2298926973919395	agr2
steroid biosynthetic process (GO:0006694)	1/30	0.4150025847444254	0.6350735432012145	0.3085322013065436	0.4484133600982562	-1.3926165519549376	1.2247652176905237	hsd3b2
morphogenesis of an epithelium (GO:0002009)	2/68	0.3394402149330957	0.5946782060068188	0.20028149438627632	0.3905853428686073	-1.1191177103106134	1.209159061812444	pigp;fibpb
positive regulation of transmembrane receptor protein serine/threonine kinase signaling pathway (GO:0090100)	2/58	0.2741083436910219	0.563237971574533	0.15791661878090854	0.3905853428686073	-0.9315997344113572	1.2057060345159012	gdf11;bmp7a
fin regeneration (GO:0031101)	2/71	0.35873090863794943	0.6031447953161412	0.21325361028453457	0.3918318367829659	-1.1739256322712956	1.2034882841150774	serpinh1b;mmp9
plasma membrane bounded cell projection organization (GO:0120036)	2/65	0.31997523938301076	0.5784102182553447	0.18741136998933156	0.3905853428686073	-1.0539415229594538	1.2009786576484296	plp1a;manf
cholesterol metabolic process (GO:0008203)	1/28	0.39369940562870703	0.6265920117752661	0.29185100087555593	0.4400290089348191	-1.2703163663087376	1.1841477466592114	apoa1b
regulation of protein serine/threonine kinase activity (GO:0071900)	1/31	0.4253725939872602	0.6350735432012145	0.3167261194428844	0.4503691487580021	-1.3539271042051335	1.15732308185767	ccne1
regulation of nuclear division (GO:0051783)	1/32	0.43555928847870906	0.6350735432012145	0.3248237665820989	0.4503691487580021	-1.3905408686437009	1.1557123798880014	ccne1
double-strand break repair via homologous recombination (GO:0000724)	1/34	0.45539560221857805	0.6472918622729474	0.3407347203857855	0.4597375928787315	-1.4673430969869723	1.1541956199679744	nabp1a
regulation of cellular pH (GO:0030641)	1/36	0.4745367023663488	0.656497446803211	0.3562738792206875	0.46812730641788	-1.5418236922881912	1.149300534103333	ca15b
regulation of intracellular pH (GO:0051453)	1/37	0.4838541741750608	0.6607313798402642	0.36390673520074246	0.4753926136148427	-1.5828205923116243	1.1490829731159908	ca15b
generation of neurons (GO:0048699)	4/145	0.25552164094925045	0.563237971574533	0.09972718881246675	0.3905853428686073	-0.832043453255201	1.1352801692652654	hes6;sox21a;her3;her13
regulation of Wnt signaling pathway (GO:0030111)	2/69	0.3458916144105009	0.5948397382577211	0.2045953511678374	0.3905853428686073	-1.057753060916787	1.12294217701277	grk5;nkd2b
heart jogging (GO:0003146)	1/36	0.4745367023663488	0.656497446803211	0.3562738792206875	0.46812730641788	-1.4735427012580442	1.098402769428574	bmp7a
glial cell differentiation (GO:0010001)	1/37	0.4838541741750608	0.6607313798402642	0.36390673520074246	0.4753926136148427	-1.5098683416667744	1.096121702916656	plp1a
determination of left/right symmetry (GO:0007368)	4/152	0.28289566910494535	0.563237971574533	0.11298560942605151	0.3905853428686073	-0.8637515106548844	1.0906392609877535	ttc9c;ubxn10;bmp7a;fibpb
cardiac myofibril assembly (GO:0055003)	1/34	0.45539560221857805	0.6472918622729474	0.3407347203857855	0.4597375928787315	-1.3789665213582256	1.0846795969547325	cmlc1
phospholipid transport (GO:0015914)	1/34	0.45539560221857805	0.6472918622729474	0.3407347203857855	0.4597375928787315	-1.3667977162455829	1.075107751358364	apoa1b
muscle cell differentiation (GO:0042692)	1/33	0.4455658996147645	0.6434370179740369	0.33282626408350074	0.4572567518715573	-1.326224488225081	1.0721332979305866	tcap
negative regulation of translation (GO:0017148)	1/35	0.465051515095078	0.650784163538623	0.3485502311153637	0.4620143025956088	-1.3953074017962406	1.0682572456565411	cnot7
ERAD pathway (GO:0036503)	1/38	0.49300688782312146	0.6671829739402722	0.3714498571270911	0.48107545966030135	-1.4886900722761285	1.052849456372882	hspa5
regulation of blood circulation (GO:1903522)	1/26	0.3716227239504708	0.6085995334261334	0.274770929584235	0.4297455369275924	-1.0636087410601924	1.0528408962124187	grk5
neuron projection development (GO:0031175)	3/112	0.318482122657661	0.5784102182553447	0.15472279974569897	0.3905853428686073	-0.8991452521484076	1.0287920487793607	apoa1b;plp1a;manf
negative regulation of cell proliferation (GO:0008285)	1/39	0.5019977485158467	0.6753064950272699	0.37890429088284655	0.48793373070953455	-1.4617887903072118	1.0074058428117394	cnot7
digestive tract development (GO:0048565)	2/74	0.37781257380999006	0.6156842873326651	0.22630503482714756	0.39724780907221247	-1.033386658979284	1.0058541824650504	gata1a;agr2
regulation of apoptotic process (GO:0042981)	9/386	0.24648908036948075	0.563237971574533	0.04389151839436446	0.3905853428686073	-0.7093360777938207	0.9933809038698518	gdf11;pimr140;gata1a;bmp7a;cidec;pimr141;prl;mcm5;cideb
negative regulation of gene expression (GO:0010629)	4/154	0.29080060499793775	0.5665597993925339	0.1169116924540474	0.3905853428686073	-0.7935142675340567	0.9800833209281872	hes6;cnot7;gata1a;her3
retrograde vesicle-mediated transport, Golgi to ER (GO:0006890)	1/31	0.4253725939872602	0.6350735432012145	0.3167261194428844	0.4503691487580021	-1.1456918694906637	0.9793257267248838	ergic1
eye photoreceptor cell differentiation (GO:0001754)	1/41	0.5195052777519364	0.6845958762212107	0.3935512170902287	0.502500424081309	-1.4839261794058434	0.971791067351301	rdh5
regulation of nucleobase-containing compound metabolic process (GO:0019219)	1/32	0.43555928847870906	0.6350735432012145	0.3248237665820989	0.4503691487580021	-1.1663054548769367	0.969344866682634	cacybp
determination of dorsal/ventral asymmetry (GO:0048262)	1/35	0.465051515095078	0.650784163538623	0.3485502311153637	0.4620143025956088	-1.2246971834030516	0.937636852080944	bmp7a
positive regulation of nucleic acid-templated transcription (GO:1903508)	3/114	0.3281768406278474	0.5817095371128903	0.16038841370877782	0.3905853428686073	-0.8376309169475898	0.933290602152839	kiss1rb;unga;zgc:173577
erythrocyte development (GO:0048821)	1/38	0.49300688782312146	0.6671829739402722	0.3714498571270911	0.48107545966030135	-1.2909659346734392	0.9130125926336744	gata1a
cortical cytoskeleton organization (GO:0030865)	1/30	0.4150025847444254	0.6350735432012145	0.3085322013065436	0.4484133600982562	-0.9933838925870866	0.873651858974926	cdc42l2
myeloid cell development (GO:0061515)	1/43	0.5363989982049873	0.6957346017225774	0.407855641597618	0.513511838446026	-1.3710114007593155	0.8539714616942274	gata1a
eye morphogenesis (GO:0048592)	1/39	0.5019977485158467	0.6753064950272699	0.37890429088284655	0.48793373070953455	-1.2086012355688571	0.8329191976398121	rdh5
sterol biosynthetic process (GO:0016126)	1/28	0.39369940562870703	0.6265920117752661	0.29185100087555593	0.4400290089348191	-0.8864973811397766	0.8263641279741089	apoa1b
erythrocyte differentiation (GO:0030218)	2/81	0.4213582840656609	0.6350735432012145	0.25694999505848704	0.4168161494895324	-0.9473269923756028	0.8187479823298958	gata1a;klf1
axis elongation (GO:0003401)	1/41	0.5195052777519364	0.6845958762212107	0.3935512170902287	0.502500424081309	-1.24428250900616	0.814853625668766	pigp
response to lipid (GO:0033993)	2/73	0.37147721743039497	0.6085995334261334	0.2219470880976739	0.39652207043537	-0.8225631656609586	0.8145577692039917	fabp2;vtg1
regulation of mitotic nuclear division (GO:0007088)	1/42	0.52802750489093	0.6917925571324648	0.40074574142334	0.5088120087734542	-1.191919343128707	0.7611679215762721	ccne1
response to metal ion (GO:0010038)	1/41	0.5195052777519364	0.6845958762212107	0.3935512170902287	0.502500424081309	-1.1607839741443609	0.7601722463375468	mt2
male gamete generation (GO:0048232)	1/30	0.4150025847444254	0.6350735432012145	0.3085322013065436	0.4484133600982562	-0.8572967476236434	0.7539672254036408	sycp3
cardiac muscle cell development (GO:0055013)	1/45	0.5527003710049645	0.7017431676804605	0.4218255053673417	0.5223702148658588	-1.2661148286086752	0.7507291754760421	cmlc1
dorsal/ventral pattern formation (GO:0009953)	3/129	0.400426844982	0.6347554828033943	0.204702418625529	0.3905853428686073	-0.809732380660063	0.7410866608937403	sox21a;bmp7a;vox
regulation of translation (GO:0006417)	1/44	0.5446224162741001	0.6957346017225774	0.4148819044476007	0.5166022611854423	-1.2068233715665635	0.7333413536097633	cnot7
regulation of gene expression (GO:0010468)	7/315	0.3246933721522778	0.5784102182553447	0.08656806930811065	0.3905853428686073	-0.6488535253141279	0.7298784684159623	acta2;prmt2;sox21a;gata1a;zgc:86709;klf1;safb
BMP signaling pathway (GO:0030509)	1/46	0.5606354283190889	0.707841378771587	0.42868740852575327	0.5265399691675013	-1.214392392443421	0.702749987759658	bmp7a
regulation of cell differentiation (GO:0045595)	1/48	0.5760868894613512	0.7134007507850159	0.4421699224177837	0.5312884023268453	-1.2605404780012786	0.6951840145558956	gata1a
ion transmembrane transport (GO:0034220)	2/89	0.4691370745151288	0.6544751780272784	0.2920546519478888	0.4400290089348191	-0.9084830396468404	0.6875947309268508	p2rx4b;slc13a1
transcription from RNA polymerase II promoter (GO:0006366)	1/50	0.5909964386767211	0.7239305969698588	0.45533693853074736	0.5387756445442351	-1.2546714272396728	0.6598885245450932	ssu72
protein dephosphorylation (GO:0006470)	1/50	0.5909964386767211	0.7239305969698588	0.45533693853074736	0.5387756445442351	-1.2239459189722766	0.6437285882651407	ssu72
regulation of actin cytoskeleton organization (GO:0032956)	1/47	0.5684301089888617	0.7134007507850159	0.43546856688384034	0.5312884023268453	-1.112721689052542	0.6285507923871707	cdc42l2
positive regulation of cell cycle (GO:0045787)	1/46	0.5606354283190889	0.707841378771587	0.42868740852575327	0.5265399691675013	-1.0763379181199864	0.6228600108916748	ccne1
negative regulation of cellular macromolecule biosynthetic process (GO:2000113)	3/137	0.4381356930265111	0.6367759911510708	0.22939851779111367	0.39724780907221247	-0.7525915963424796	0.6210586156429404	hes6;cnot7;her3
calcium ion homeostasis (GO:0055074)	1/51	0.5982539454628341	0.7269107079279596	0.46180442908443775	0.542170394665366	-1.19992060224386	0.6164471588504478	pth1a
cardiac muscle tissue development (GO:0048738)	1/49	0.5836082026979457	0.7207401847526542	0.44879240620626304	0.5352352707262029	-1.1426517638210678	0.615347006273475	cmlc1
cAMP-mediated signaling (GO:0019933)	1/48	0.5760868894613512	0.7134007507850159	0.4421699224177837	0.5312884023268453	-1.077698971976365	0.5943475127504245	rxfp2b
regulation of cyclin-dependent protein serine/threonine kinase activity (GO:0000079)	1/44	0.5446224162741001	0.6957346017225774	0.4148819044476007	0.5166022611854423	-0.9692133478798404	0.5889546434191256	ccne1
regulation of cell cycle process (GO:0010564)	1/48	0.5760868894613512	0.7134007507850159	0.4421699224177837	0.5312884023268453	-1.051498011088888	0.5798977671905997	ccne1
inner ear morphogenesis (GO:0042472)	1/50	0.5909964386767211	0.7239305969698588	0.45533693853074736	0.5387756445442351	-1.0869417728633453	0.5716719032481852	ttc9c
sarcomere organization (GO:0045214)	1/51	0.5982539454628341	0.7269107079279596	0.46180442908443775	0.542170394665366	-1.1059503779155342	0.5681708998251336	cmlc1
modification-dependent protein catabolic process (GO:0019941)	1/53	0.6123859578045326	0.7342134029911109	0.47451187096282155	0.5527818702968952	-1.153598817896612	0.5657162604925053	isg15
negative regulation of cellular process (GO:0048523)	2/87	0.4574095840223112	0.6481164011852184	0.28328654492978333	0.4327005310851824	-0.721592041689816	0.5644120088036528	cnot7;agr2
cellular divalent inorganic cation homeostasis (GO:0072503)	1/51	0.5982539454628341	0.7269107079279596	0.46180442908443775	0.542170394665366	-1.081190701830711	0.5554508648928183	mt2
regulation of protein phosphorylation (GO:0001932)	2/96	0.508960206290355	0.6786136083871399	0.3226143592788128	0.4503691487580021	-0.8084008183753076	0.5459821469935199	gdf11;bmp7a
regulation of cell proliferation (GO:0042127)	4/189	0.4306679842957508	0.6350735432012145	0.19420993520559368	0.3905853428686073	-0.637452358824181	0.5370012288981963	cnot7;tipin;ccne1;prl
second-messenger-mediated signaling (GO:0019932)	1/48	0.5760868894613512	0.7134007507850159	0.4421699224177837	0.5312884023268453	-0.9244541188413916	0.5098334697096809	efcab11
epithelial tube morphogenesis (GO:0060562)	1/38	0.49300688782312146	0.6671829739402722	0.3714498571270911	0.48107545966030135	-0.6855178531793464	0.4848202540574929	bmp7a
regulation of cytoskeleton organization (GO:0051493)	1/56	0.6326598709907542	0.7532211847958419	0.49301736318257455	0.57139448245775315	-1.0583213667302824	0.4845231538563521	cdc42l2
positive regulation of signal transduction (GO:0009967)	1/57	0.639180047763028	0.7563072816463052	0.4990411249226559	0.5768966456906407	-1.0255056821993656	0.4589846546171985	grk5
calcium-mediated signaling (GO:0019722)	1/52	0.6053830297928586	0.729688345243659	0.46819577698074993	0.5473565109675085	-0.9127543702241558	0.4581058635598154	efcab11
regulation of actin filament-based process (GO:0032970)	1/48	0.5760868894613512	0.7134007507850159	0.4421699224177837	0.5312884023268453	-0.8228578725571352	0.4538034670336168	cdc42l2
positive regulation of protein phosphorylation (GO:0001934)	3/152	0.5061712482723308	0.6768917284588566	0.27701200111897245	0.43175663622681215	-0.6551288827262675	0.4460643054182786	gdf11;bmp7a;smtla
cellular response to BMP stimulus (GO:0071773)	1/44	0.5446224162741001	0.6957346017225774	0.4148819044476007	0.5166022611854423	-0.7290859394251452	0.44303821280974554	bmp7a
determination of heart left/right asymmetry (GO:0061371)	3/161	0.5448894889597177	0.6957346017225774	0.30606803793538023	0.4484133600982562	-0.7226891468800966	0.4387968151858568	ttc9c;ubxn10;bmp7a
phosphorylation (GO:0016310)	2/99	0.5254210696214078	0.6903788472932451	0.33562063615314097	0.4596985683067264	-0.6785833878184724	0.43670593604588337	chek1;xylb
heart development (GO:0007507)	6/312	0.476398151748852	0.6564998920441496	0.17392198534010436	0.3905853428686073	-0.5778851712288519	0.42850261792699174	grk5;ttc9c;ubxn10;cmlc1;cacybp;gata1a
response to organic cyclic compound (GO:0014070)	1/45	0.5527003710049645	0.7017431676804605	0.4218255053673417	0.5223702148658588	-0.7032226999778911	0.4169683395230247	vtg1
positive regulation of protein kinase activity (GO:0045860)	1/64	0.681701408056733	0.7921054921379005	0.5392662625533362	0.6155261380659293	-1.0737543933608529	0.4114235291974976	nek12
fin development (GO:0033333)	1/62	0.6700899894861979	0.7826374037409856	0.5281119334732493	0.605854299314489	-1.0260068202184214	0.41075491821550136	mmp9
cilium organization (GO:0044782)	4/208	0.5040082350046895	0.6759991757332927	0.24149746284439316	0.4057875583853744	-0.5938667799014907	0.4068953495804199	ttc9c;ubxn10;dynll1;fibpb
negative regulation of programmed cell death (GO:0043069)	5/258	0.4821184770442285	0.6607313798402642	0.19988503786385992	0.3905853428686073	-0.5315313203202602	0.38778685614404645	pimr140;gata1a;pimr141;prl;mcm5
endocytosis (GO:0006897)	1/65	0.6873533794158629	0.7925605293264543	0.5447450030591203	0.6186551291023176	-1.0288448364014262	0.38572086202764144	cdc42l2
striated muscle tissue development (GO:0014706)	1/65	0.6873533794158629	0.7925605293264543	0.5447450030591203	0.6186551291023176	-1.0060130509849885	0.37716107182325886	cmlc1
regulation of intracellular signal transduction (GO:1902531)	2/90	0.4749439493465707	0.656497446803211	0.2964341350270069	0.4451436180471997	-0.4928124839323889	0.3669277155810301	gdf11;bmp7a
plasma membrane bounded cell projection assembly (GO:0120031)	4/210	0.5114967177345269	0.679989754164724	0.2466301261200791	0.41275277600075233	-0.5321895814029417	0.35678740486147587	ttc9c;ubxn10;dynll1;fibpb
heart morphogenesis (GO:0003007)	2/102	0.5415064531434532	0.6957346017225774	0.3485550380201385	0.4620143025956088	-0.5775423642305091	0.3542646568536983	cmlc1;bmp7a
embryonic hemopoiesis (GO:0035162)	1/66	0.6929052682758949	0.7950216602668431	0.5501591490025297	0.6232379332058733	-0.9621423627340966	0.3529734591146355	gata1a
embryo development ending in birth or egg hatching (GO:0009792)	2/125	0.6520005269819736	0.7634824823726738	0.4443075576981139	0.5312884023268453	-0.8189080665851254	0.3502550944757319	gata1a;mcm5
regulation of MAPK cascade (GO:0043408)	2/116	0.6114803184330627	0.7342134029911109	0.40766765418093903	0.513511838446026	-0.7090087425179531	0.3487419098591259	gdf11;bmp7a
transmembrane transport (GO:0055085)	2/114	0.6020022100062236	0.7295040185598203	0.3993687183057428	0.5084920018991429	-0.685017820534984	0.34764254518023735	p2rx4b;atp6v0e1
embryonic heart tube development (GO:0035050)	1/63	0.6759475551196584	0.7874440590569217	0.5337221636539032	0.610740298662188	-0.8715237599378418	0.34132337982313443	bmp7a
cilium assembly (GO:0060271)	4/216	0.5336460789714207	0.6957346017225774	0.2621706002208383	0.4232182546422104	-0.5410465239500903	0.33978935445372144	ttc9c;ubxn10;dynll1;fibpb
cellular response to DNA damage stimulus (GO:0006974)	2/122	0.6388794179195995	0.7563072816463052	0.4322281221485148	0.5294501658838177	-0.7545177394697489	0.3380537860164305	chek1;nek12
neural crest cell development (GO:0014032)	2/125	0.6520005269819736	0.7634824823726738	0.4443075576981139	0.5312884023268453	-0.7652470779261835	0.327303757910231	rgs2;mych
phosphate-containing compound metabolic process (GO:0006796)	1/68	0.7037158361932909	0.8011450915701198	0.5607966686436698	0.6305474980769621	-0.9125001803058056	0.3206349029042039	xylb
negative regulation of nucleic acid-templated transcription (GO:1903507)	2/117	0.6161545307299386	0.7367773753701912	0.4117967249439139	0.5166022611854423	-0.6451788391748714	0.3124326822498841	hes6;her3
Rho protein signal transduction (GO:0007266)	1/69	0.708977957141699	0.8011450915701198	0.5660215262686514	0.6317079749961245	-0.8875213402546998	0.30524596273556787	cdc42l2
mitochondrion organization (GO:0007005)	1/72	0.7242116872470614	0.8122672025699051	0.5813292140728304	0.644021580296371	-0.9313183517165892	0.30050993016160066	mxa
negative regulation of apoptotic process (GO:0043066)	5/277	0.5448634183486736	0.6957346017225774	0.2405200353024764	0.40565319386835574	-0.4901088954456217	0.2976039843939134	pimr140;gata1a;pimr141;prl;mcm5
cytoskeleton organization (GO:0007010)	1/70	0.7141468800371074	0.8046558756993446	0.57118475733009	0.6359002717073908	-0.8791911978408921	0.2959943319538661	cdc42l2
convergent extension (GO:0060026)	2/123	0.6432957302392119	0.7591897390812632	0.4362699829389138	0.5312884023268453	-0.648187184878627	0.28594825488382863	pigp;fibpb
neuropeptide signaling pathway (GO:0007218)	1/67	0.6983588417564731	0.7991346746175337	0.5555094554453083	0.6277256846531983	-0.7792709125312761	0.2797755639481255	kiss1rb
determination of bilateral symmetry (GO:0009855)	2/101	0.5361867659477105	0.6957346017225774	0.34425224565739	0.4620143025956088	-0.44840635645188553	0.2794794560298627	bmp7a;fibpb
activation of protein kinase activity (GO:0032147)	1/76	0.7432934377789285	0.8254757589092768	0.6009097626039179	0.6592505162547837	-0.9368172212051564	0.27792029615426556	nek12
negative regulation of Wnt signaling pathway (GO:0030178)	1/69	0.708977957141699	0.8011450915701198	0.5660215262686514	0.6317079749961245	-0.7954461276128093	0.27357845723210555	nkd2b
camera-type eye development (GO:0043010)	1/76	0.7432934377789285	0.8254757589092768	0.6009097626039179	0.6592505162547837	-0.8824230029421758	0.26178346934691893	egr1
embryonic organ morphogenesis (GO:0048562)	1/76	0.7432934377789285	0.8254757589092768	0.6009097626039179	0.6592505162547837	-0.8250627294485039	0.2447667196160129	bmp7a
positive regulation of transcription, DNA-templated (GO:0045893)	7/403	0.5730811250770547	0.7134007507850159	0.21070168555286203	0.3905853428686073	-0.4389471802127871	0.24437418256213983	znf692;kiss1rb;unga;gata1a;egr1;zgc:173577;klf1
negative regulation of transcription, DNA-templated (GO:0045892)	5/296	0.6038052097974304	0.729688345243659	0.2832021957624359	0.4327005310851824	-0.48278758844169206	0.24356809252786657	hes6;dnajb1a;sox21a;dnajb1b;her3
DNA repair (GO:0006281)	2/141	0.7156452699803906	0.8046558756993446	0.5062324788515982	0.5822317568471307	-0.6994611482217599	0.2340191834447935	rad21l1;zgc:165656
adenylate cyclase-activating G-protein coupled receptor signaling pathway (GO:0007189)	1/79	0.7567355396061921	0.8383442742696051	0.6149968344664924	0.6714458192725956	-0.7922699850117155	0.2208384763412235	rxfp2b
neuron development (GO:0048666)	2/135	0.6930056065157879	0.7950216602668431	0.4835242841316551	0.5618328442866533	-0.5871155200963757	0.2153053535088496	plp1a;manf
negative regulation of transcription from RNA polymerase II promoter (GO:0000122)	3/199	0.6871347428275	0.7925605293264543	0.4282908798576027	0.5265399691675013	-0.5515205203329661	0.20694421763029425	dnajb1a;sox21a;dnajb1b
ER to Golgi vesicle-mediated transport (GO:0006888)	1/82	0.769475647530754	0.85037406524181125	0.6285907975490895	0.6846338325112975	-0.7472850054736151	0.1958230266198579	ergic1
ion transport (GO:0006811)	1/88	0.79299423122720325	0.8656174054213898	0.6543672726274884	0.7092901851981408	-0.8302437799608972	0.192566187715192	p2rx4b
digestive system development (GO:0055123)	1/86	0.7854333860035309	0.863785621590258	0.6459785216624794	0.7018805091140401	-0.7637154173394332	0.18445226460958428	gata1a
chordate embryonic development (GO:0043009)	2/165	0.7925947987741029	0.8656174054213898	0.5904172444005299	0.6524904510245465	-0.7295576892594641	0.16958069504421883	gata1a;mcm5
regulation of mitotic cell cycle (GO:0007346)	4/250	0.64863677634847	0.7634824823726738	0.3528107858830993	0.4662879392373125	-0.3908037021092238	0.169172038867705	pimr140;nek12;ccne1;pimr141
regulation of transcription, DNA-templated (GO:0006355)	11/665	0.633239049164646	0.7532211847958419	0.1741955405482807	0.3905853428686073	-0.36217528543851585	0.16548052575461433	hes6;egr2a;kiss1rb;unga;prmt2;sox21a;egr1;zgc:173577;her3;klf1;safb
anterior/posterior pattern specification (GO:0009952)	1/89	0.7966744262285357	0.8656174054213898	0.6584874448969554	0.7103492245666441	-0.7018645628029359	0.15954026016230963	gdf11
regulation of cell cycle (GO:0051726)	4/270	0.7068418735058403	0.8011450915701198	0.4066444671724297	0.513511838446026	-0.4290380286941186	0.1488540131927537	pimr140;nek12;ccne1;pimr141
myofibril assembly (GO:0030239)	1/89	0.7966744262285357	0.8656174054213898	0.6584874448969554	0.7103492245666441	-0.642610643859421	0.14607130027333598	cmlc1
neuron differentiation (GO:0030182)	2/162	0.7840922675960936	0.863785621590258	0.580492711554949	0.644021580296371	-0.5991521766715275	0.1457309315156926	sox21a;manf
protein autophosphorylation (GO:0046777)	2/170	0.8061108809010794	0.873770067547453	0.6065728405346326	0.6638521160330604	-0.6159294743561736	0.1327537289015095	pimr140;pimr141
myeloid cell differentiation (GO:0030099)	1/101	0.8360634090800808	0.8976262729315831	0.7042897134008799	0.750799411455655	-0.7201744868068252	0.12894783283207542	gata1a
actomyosin structure organization (GO:0031032)	1/98	0.8269943606133935	0.8900034547553664	0.6934447395617577	0.7427417589618828	-0.6406023790529755	0.12168716432581546	cmlc1
embryonic viscerocranium morphogenesis (GO:0048703)	1/105	0.8474222457082676	0.9033840921229644	0.718160136595335	0.7590529314999835	-0.6992057476680298	0.11575783919984936	egr1
axon development (GO:0061564)	1/102	0.8389798146369608	0.8986229294215788	0.7078194925100801	0.7527868485048381	-0.6340377804886494	0.11131714552840064	plp1a
transmembrane receptor protein serine/threonine kinase signaling pathway (GO:0007178)	1/68	0.7037158361932909	0.8011450915701198	0.5607966686436698	0.6305474980769621	-0.3045811861770096	0.10702393398276833	bmp7a
heart looping (GO:0001947)	1/115	0.8725024528407856	0.9218715263422343	0.7500779622800385	0.7891915896836973	-0.7210856294780538	0.09834873461626552	bmp7a
actin filament organization (GO:0007015)	1/117	0.8770016732901788	0.9218715263422343	0.7560176069315065	0.7891915896836973	-0.6804681959104495	0.0893089864937686	cdc42l2
adenylate cyclase-modulating G-protein coupled receptor signaling pathway (GO:0007188)	1/117	0.8770016732901788	0.9218715263422343	0.7560176069315065	0.7891915896836973	-0.6555135874134618	0.08603378449812962	rxfp2b
eye development (GO:0001654)	1/117	0.8770016732901788	0.9218715263422343	0.7560176069315065	0.7891915896836973	-0.6322554838119873	0.08298124262637385	egr1
transmembrane receptor protein tyrosine kinase signaling pathway (GO:0007169)	1/128	0.8990615943272157	0.9341973347951756	0.786269564539362	0.8132582223610793	-0.7652658541101703	0.08142714330038164	smtla
positive regulation of transcription from RNA polymerase II promoter (GO:0045944)	4/332	0.8421147105931472	0.8998483432342848	0.5648975920096395	0.6317079749961245	-0.4431381508642459	0.07614843361661386	znf692;gata1a;egr1;klf1
embryonic heart tube morphogenesis (GO:0003143)	1/128	0.8990615943272157	0.9341973347951756	0.786269564539362	0.8132582223610793	-0.6932214264334655	0.07376134728332784	bmp7a
Golgi vesicle transport (GO:0048193)	1/125	0.8934697718480216	0.9326751428990895	0.7784087809558892	0.80882935400474	-0.649217578488959	0.07312967035125885	ergic1
protein modification by small protein conjugation (GO:0032446)	1/96	0.8206721021375526	0.8853073750982668	0.6859966348268097	0.7365094511679763	-0.3372937397417099	0.06665991416756886	isg15
regulation of transcription from RNA polymerase II promoter (GO:0006357)	11/778	0.8162474370627372	0.8826407692640121	0.32837894047571614	0.4539060583945678	-0.3120046689911039	0.0633487223275424	egr2a;znf692;dnajb1a;sox21a;gata1a;bmp7a;ssu72;dnajb1b;egr1;klf1;safb
nervous system development (GO:0007399)	2/210	0.8888038353857037	0.9299521610980048	0.7187492360221084	0.7590529314999835	-0.45348744711996464	0.05345652226300463	sox21a;smc1a
epithelium development (GO:0060429)	1/139	0.9171741848199282	0.9483547944974672	0.8127988259698691	0.8387786971195911	-0.5573732432704747	0.04818930565630137	mmp9
vesicle-mediated transport (GO:0016192)	2/232	0.9189809734289616	0.9483547944974672	0.7682533457073223	0.8001163876951836	-0.5373216716346584	0.04539823302636982	cdc42l2;arf4b
embryonic organ development (GO:0048568)	1/150	0.9320441289128394	0.9596445245298483	0.8360600006945774	0.8588616370771568	-0.6196662213633034	0.0436090827045462	gata1a
DNA metabolic process (GO:0006259)	1/116	0.8747722105654083	0.9218715263422343	0.7530654886691527	0.7891915896836973	-0.3223336196248044	0.04312558140610277	poln
embryonic cranial skeleton morphogenesis (GO:0048701)	1/156	0.9389998287354508	0.9612641262750388	0.8475153772072392	0.866601221048558	-0.6151348768182073	0.0387165781755473	egr1
Ras protein signal transduction (GO:0007265)	1/157	0.9400880196029837	0.9612641262750388	0.849345887001131	0.866601221048558	-0.5922952531525405	0.03659304923641338	cdc42l2
protein ubiquitination (GO:0016567)	1/161	0.9442506019161886	0.9612641262750388	0.8564526093824569	0.869924897619934	-0.6102852374518442	0.03500820703055443	isg15
protein phosphorylation (GO:0006468)	3/301	0.90411954723094	0.937298246211892	0.7017736370849531	0.7498857776888861	-0.3362283355998725	0.03388969288638632	pimr140;chek1;pimr141
negative regulation of signal transduction (GO:0009968)	1/161	0.9442506019161886	0.9612641262750388	0.8564526093824569	0.869924897619934	-0.5871991777648738	0.03368390569169897	nkd2b
G-protein coupled receptor signaling pathway, coupled to cyclic nucleotide second messenger (GO:0007187)	1/154	0.9367639665633474	0.9612641262750388	0.843787952155583	0.864834817175337	-0.4593203631300137	0.03000461208659039	rxfp2b
proteasome-mediated ubiquitin-dependent protein catabolic process (GO:0043161)	1/167	0.9499599180124577	0.9637224174978042	0.8664941284279056	0.8781510001107923	-0.526375424029877	0.02702173865501362	hspa5
gland development (GO:0048732)	1/188	0.9657249935275469	0.9743475381126142	0.8964589003900131	0.904462997714924	-0.5931193654234951	0.02068573246506474	cdca7a
circulatory system development (GO:0072359)	3/212	0.7274455214745038	0.8138746923427619	0.46864373837262335	0.5473565109675085	-0.0632991297986436	0.02014280647868433	grk5;cacybp;gata1a
cellular protein modification process (GO:0006464)	1/183	0.9624921504774493	0.9732582819145573	0.8899937194055928	0.8999489064235523	-0.4888640446430969	0.01868896356316355	chek1
central nervous system development (GO:0007417)	2/266	0.9509296420442934	0.9637224174978042	0.829958813010592	0.85453618104963	-0.355662298802912	0.01789522051569849	sox21a;smc1a
hemopoiesis (GO:0030097)	1/208	0.9761054245615538	0.982627287086464	0.9187625328473238	0.9249012580111146	-0.4461938670772111	0.01079105653291168	gata1a
intracellular protein transport (GO:0006886)	1/261	0.9908308699953897	0.9926211359515553	0.9573919541057829	0.9605450505132396	-0.4549499010398417	0.00419073699038474	arf4b
protein transport (GO:0015031)	1/263	0.9911568081547426	0.9926211359515553	0.9584199508439626	0.9605450505132396	-0.4244954452968594	0.00377059137322992	arf4b
cellular protein localization (GO:0034613)	1/273	0.9926211359515553	0.9926211359515553	0.9632024941760843	0.9632024941760843	-0.31212169973709725	0.0023116427652785	arf4b
regulation of nucleic acid-templated transcription (GO:1903506)	2/194	0.8606448270377314	0.9153210866377753	0.677454768818465	0.7290703702522529	0.05651078333996474	-0.00848076379957996	prmt2;sox21a
regulation of cellular macromolecule biosynthetic process (GO:2000112)	2/207	0.8839607761756749	0.9270307907921229	0.7113571881108012	0.7547733545213196	0.07851886557382137	-0.00968472010011852	prmt2;sox21a
organelle assembly (GO:0070925)	4/307	0.795415445328281	0.8656174054213898	0.5034375730287608	0.580494344410714	0.22753068071466992	-0.05207966316964042	ttc9c;ubxn10;dynll1;fibpb
