stringId_A	stringId_B	preferredName_A	preferredName_B	ncbiTaxonId	score	nscore	fscore	pscore	ascore	escore	dscore	tscore
9606.ENSP00000003084	9606.ENSP00000446007	CFTR	VIM	9606	0.432	0	0	0	0.055	0.312	0	0.196
9606.ENSP00000003084	9606.ENSP00000360493	CFTR	RUNX2	9606	0.434	0	0	0	0.051	0	0	0.428
9606.ENSP00000003084	9606.ENSP00000401010	CFTR	CAPZB	9606	0.451	0	0	0	0.07	0.098	0	0.399
9606.ENSP00000003084	9606.ENSP00000303394	CFTR	HSPB3	9606	0.502	0	0	0	0	0	0	0.502
9606.ENSP00000003084	9606.ENSP00000402152	CFTR	SLC12A3	9606	0.544	0	0	0	0.055	0.071	0	0.522
9606.ENSP00000003084	9606.ENSP00000306275	CFTR	KCNK3	9606	0.555	0	0	0	0.042	0	0	0.555
9606.ENSP00000003084	9606.ENSP00000339867	CFTR	CLCN1	9606	0.598	0	0	0	0.051	0	0	0.594
9606.ENSP00000005178	9606.ENSP00000254657	PDK4	PER2	9606	0.408	0	0	0	0.042	0	0	0.408
9606.ENSP00000005178	9606.ENSP00000389814	PDK4	ADIPOQ	9606	0.44	0	0	0	0.053	0	0	0.433
9606.ENSP00000005178	9606.ENSP00000261507	PDK4	MSMO1	9606	0.452	0	0	0	0.063	0.048	0	0.435
9606.ENSP00000005178	9606.ENSP00000365016	PDK4	IRS2	9606	0.453	0	0	0	0.102	0.071	0	0.397
9606.ENSP00000005178	9606.ENSP00000363868	PDK4	ABCA1	9606	0.473	0	0	0	0.06	0.045	0.183	0.366
9606.ENSP00000005178	9606.ENSP00000492001	PDK4	PFKFB3	9606	0.485	0	0	0	0.057	0	0	0.476
9606.ENSP00000005178	9606.ENSP00000462521	PDK4	TXNIP	9606	0.514	0	0	0	0.068	0	0	0.5
9606.ENSP00000005178	9606.ENSP00000262430	PDK4	MLYCD	9606	0.53	0	0	0	0.067	0	0	0.516
9606.ENSP00000005178	9606.ENSP00000496597	PDK4	PFKM	9606	0.548	0.043	0	0	0.056	0.067	0	0.527
9606.ENSP00000005178	9606.ENSP00000368880	PDK4	FOXO1	9606	0.617	0	0	0	0.064	0	0	0.607
9606.ENSP00000005178	9606.ENSP00000319814	PDK4	PCK1	9606	0.624	0	0	0	0.084	0	0	0.607
9606.ENSP00000005178	9606.ENSP00000379011	PDK4	CPT1B	9606	0.725	0	0	0	0.1	0	0	0.707
9606.ENSP00000005178	9606.ENSP00000420927	PDK4	PDK2	9606	0.795	0	0	0.056	0.048	0.785	0	0.064
9606.ENSP00000006015	9606.ENSP00000307321	HOXA11	HOXC10	9606	0.4	0	0	0	0.238	0	0	0.245
9606.ENSP00000006015	9606.ENSP00000249501	HOXA11	HOXD10	9606	0.432	0	0	0	0.278	0	0	0.244
9606.ENSP00000006015	9606.ENSP00000302846	HOXA11	PTGER4	9606	0.442	0	0	0	0	0	0	0.442
9606.ENSP00000006015	9606.ENSP00000368880	HOXA11	FOXO1	9606	0.853	0	0	0	0	0.308	0	0.796
9606.ENSP00000054668	9606.ENSP00000332225	UTS2	PMCH	9606	0.582	0	0	0	0.06	0	0.4	0.318
9606.ENSP00000176183	9606.ENSP00000296271	DRD4	RHO	9606	0.425	0	0	0	0.131	0	0	0.365
9606.ENSP00000176183	9606.ENSP00000297323	DRD4	ADCY1	9606	0.505	0	0	0	0	0	0	0.505
9606.ENSP00000176183	9606.ENSP00000359285	DRD4	CHRNA4	9606	0.732	0	0	0	0.073	0	0	0.722
9606.ENSP00000176183	9606.ENSP00000421710	DRD4	GNGT2	9606	0.794	0	0	0	0.194	0.12	0.65	0.27
9606.ENSP00000176183	9606.ENSP00000229264	DRD4	GNB3	9606	0.837	0	0	0	0.048	0.292	0.65	0.394
9606.ENSP00000177694	9606.ENSP00000242480	TBX21	EGR2	9606	0.497	0	0	0	0.131	0.057	0	0.435
9606.ENSP00000177694	9606.ENSP00000368880	TBX21	FOXO1	9606	0.637	0	0	0	0.063	0.063	0	0.62
9606.ENSP00000177694	9606.ENSP00000478672	TBX21	RAG2	9606	0.744	0	0	0	0	0	0	0.744
9606.ENSP00000199448	9606.ENSP00000371398	EPDR1	GLIS3	9606	0.45	0	0	0	0.047	0	0	0.447
9606.ENSP00000199448	9606.ENSP00000435389	EPDR1	PLEKHA7	9606	0.529	0	0	0	0	0	0	0.529
9606.ENSP00000211998	9606.ENSP00000435389	VCL	PLEKHA7	9606	0.404	0	0	0	0	0.292	0	0.192
9606.ENSP00000211998	9606.ENSP00000360493	VCL	RUNX2	9606	0.418	0	0	0	0.044	0	0	0.417
9606.ENSP00000211998	9606.ENSP00000362014	VCL	DNM1	9606	0.425	0	0	0	0.049	0	0	0.42
9606.ENSP00000211998	9606.ENSP00000228841	VCL	MYL2	9606	0.445	0	0	0	0.043	0.054	0	0.436
9606.ENSP00000211998	9606.ENSP00000265354	VCL	SRF	9606	0.492	0	0	0	0.074	0	0	0.474
9606.ENSP00000211998	9606.ENSP00000370891	VCL	STK35	9606	0.509	0	0	0	0	0	0	0.509
9606.ENSP00000211998	9606.ENSP00000446007	VCL	VIM	9606	0.597	0	0	0	0.116	0.065	0	0.551
9606.ENSP00000211998	9606.ENSP00000366757	VCL	LMO7	9606	0.606	0	0	0	0.074	0	0.5	0.218
9606.ENSP00000211998	9606.ENSP00000265171	VCL	EGF	9606	0.616	0	0	0	0.092	0	0	0.595
9606.ENSP00000215912	9606.ENSP00000327675	PIK3IP1	LRRC14B	9606	0.447	0	0	0	0	0	0	0.447
9606.ENSP00000216862	9606.ENSP00000360316	CYP24A1	DHCR24	9606	0.509	0	0	0	0.056	0.069	0.109	0.447
9606.ENSP00000217159	9606.ENSP00000357844	SLCO4A1	SLC16A10	9606	0.611	0	0	0	0.064	0	0	0.601
9606.ENSP00000217169	9606.ENSP00000499058	BIRC7	DIABLO	9606	0.988	0	0	0	0	0.907	0	0.879
9606.ENSP00000217420	9606.ENSP00000377779	SLC32A1	SV2B	9606	0.437	0	0	0	0.209	0	0	0.317
9606.ENSP00000217420	9606.ENSP00000332225	SLC32A1	PMCH	9606	0.486	0	0	0	0.11	0	0	0.447
9606.ENSP00000217420	9606.ENSP00000392500	SLC32A1	NLGN1	9606	0.562	0	0	0	0.128	0	0	0.519
9606.ENSP00000217420	9606.ENSP00000221485	SLC32A1	SLC17A7	9606	0.996	0	0	0	0.226	0	0.9	0.959
9606.ENSP00000219431	9606.ENSP00000355192	MPG	CACNA1S	9606	0.649	0	0	0	0	0	0	0.649
9606.ENSP00000219660	9606.ENSP00000320247	AQP8	AQP6	9606	0.413	0	0	0.179	0.044	0	0	0.311
9606.ENSP00000221485	9606.ENSP00000362014	SLC17A7	DNM1	9606	0.423	0	0	0	0.176	0	0	0.328
9606.ENSP00000221485	9606.ENSP00000355316	SLC17A7	GRM3	9606	0.452	0	0	0	0.166	0	0	0.369
9606.ENSP00000221485	9606.ENSP00000478639	SLC17A7	SLC1A7	9606	0.454	0	0	0	0	0.053	0	0.447
9606.ENSP00000221485	9606.ENSP00000359285	SLC17A7	CHRNA4	9606	0.542	0	0	0	0.158	0.047	0	0.475
9606.ENSP00000221485	9606.ENSP00000236877	SLC17A7	SLC8A2	9606	0.551	0	0	0	0.267	0	0	0.412
9606.ENSP00000221485	9606.ENSP00000377779	SLC17A7	SV2B	9606	0.604	0	0	0	0.247	0.064	0	0.484
9606.ENSP00000221485	9606.ENSP00000392500	SLC17A7	NLGN1	9606	0.62	0	0	0	0.08	0.07	0	0.591
9606.ENSP00000222122	9606.ENSP00000314420	DBP	PER1	9606	0.507	0	0	0	0.117	0.092	0	0.434
9606.ENSP00000222122	9606.ENSP00000242728	DBP	BHLHE41	9606	0.552	0	0	0	0.124	0.057	0	0.501
9606.ENSP00000222122	9606.ENSP00000226067	DBP	HLF	9606	0.592	0	0	0.055	0.114	0.506	0	0.129
9606.ENSP00000222122	9606.ENSP00000254657	DBP	PER2	9606	0.688	0	0	0	0.14	0.092	0	0.632
9606.ENSP00000222122	9606.ENSP00000482093	DBP	PER3	9606	0.706	0	0	0	0.269	0.092	0	0.592
9606.ENSP00000222122	9606.ENSP00000246672	DBP	NR1D1	9606	0.759	0	0	0	0.203	0.084	0	0.696
9606.ENSP00000222139	9606.ENSP00000250457	EPOR	EGLN3	9606	0.503	0	0	0	0.043	0.292	0	0.326
9606.ENSP00000222139	9606.ENSP00000265171	EPOR	EGF	9606	0.734	0	0	0	0.044	0	0.65	0.271
9606.ENSP00000222139	9606.ENSP00000365016	EPOR	IRS2	9606	0.919	0	0	0	0	0.292	0.8	0.475
9606.ENSP00000223061	9606.ENSP00000264094	PCOLCE	LOXL3	9606	0.5	0	0	0	0.095	0	0.4	0.153
9606.ENSP00000223061	9606.ENSP00000369889	PCOLCE	COL2A1	9606	0.557	0	0	0	0.051	0.129	0.4	0.211
9606.ENSP00000223061	9606.ENSP00000359114	PCOLCE	COL11A1	9606	0.765	0	0	0	0.101	0.129	0.4	0.56
9606.ENSP00000223061	9606.ENSP00000363840	PCOLCE	COL11A2	9606	0.8	0	0	0	0.075	0.129	0.4	0.636
9606.ENSP00000223061	9606.ENSP00000225964	PCOLCE	COL1A1	9606	0.813	0	0	0	0.448	0.129	0.4	0.428
9606.ENSP00000223061	9606.ENSP00000364000	PCOLCE	COL5A2	9606	0.857	0	0	0	0.374	0.129	0.4	0.614
9606.ENSP00000223061	9606.ENSP00000297268	PCOLCE	COL1A2	9606	0.963	0	0	0	0.396	0.129	0.4	0.896
9606.ENSP00000224721	9606.ENSP00000363840	CDH23	COL11A2	9606	0.485	0	0	0	0	0.045	0	0.483
9606.ENSP00000224721	9606.ENSP00000363068	CDH23	PCDH15	9606	0.999	0	0	0	0.051	0.983	0.7	0.992
9606.ENSP00000225964	9606.ENSP00000360626	COL1A1	KCNG1	9606	0.403	0	0	0	0	0.045	0	0.401
9606.ENSP00000225964	9606.ENSP00000295731	COL1A1	IHH	9606	0.433	0	0	0	0	0	0	0.433
9606.ENSP00000225964	9606.ENSP00000343925	COL1A1	ESR2	9606	0.444	0	0	0	0	0.077	0	0.423
9606.ENSP00000225964	9606.ENSP00000339730	COL1A1	THBS4	9606	0.477	0	0	0	0.07	0.099	0	0.425
9606.ENSP00000225964	9606.ENSP00000362870	COL1A1	MATN1	9606	0.503	0	0	0	0.049	0.099	0	0.467
9606.ENSP00000225964	9606.ENSP00000400365	COL1A1	LAMA2	9606	0.508	0	0	0	0.16	0.068	0	0.422
9606.ENSP00000225964	9606.ENSP00000368880	COL1A1	FOXO1	9606	0.519	0	0	0	0	0.333	0	0.308
9606.ENSP00000225964	9606.ENSP00000349790	COL1A1	COL9A1	9606	0.54	0	0	0.136	0	0	0.4	0.184
9606.ENSP00000225964	9606.ENSP00000284987	COL1A1	ADAMTS5	9606	0.55	0	0	0	0.184	0.053	0	0.464
9606.ENSP00000225964	9606.ENSP00000228938	COL1A1	MGP	9606	0.552	0	0	0	0.217	0	0	0.451
9606.ENSP00000225964	9606.ENSP00000265171	COL1A1	EGF	9606	0.564	0	0	0	0.044	0	0	0.563
9606.ENSP00000225964	9606.ENSP00000340874	COL1A1	MEF2C	9606	0.584	0	0	0	0	0	0	0.584
9606.ENSP00000225964	9606.ENSP00000265077	COL1A1	VCAN	9606	0.585	0	0	0	0.149	0.091	0	0.507
9606.ENSP00000225964	9606.ENSP00000380901	COL1A1	COL8A2	9606	0.592	0	0	0.162	0.131	0	0.4	0.177
9606.ENSP00000225964	9606.ENSP00000364946	COL1A1	MKX	9606	0.602	0	0	0	0.071	0	0	0.589
9606.ENSP00000225964	9606.ENSP00000361834	COL1A1	COL9A2	9606	0.68	0	0	0.125	0	0	0.4	0.44
9606.ENSP00000225964	9606.ENSP00000263556	COL1A1	P4HA1	9606	0.754	0	0	0	0.067	0.292	0.4	0.453
9606.ENSP00000225964	9606.ENSP00000446007	COL1A1	VIM	9606	0.778	0	0	0	0.144	0.05	0	0.749
9606.ENSP00000225964	9606.ENSP00000327368	COL1A1	COL10A1	9606	0.781	0	0	0.152	0.208	0	0.4	0.521
9606.ENSP00000225964	9606.ENSP00000369889	COL1A1	COL2A1	9606	0.867	0	0	0.054	0.042	0.075	0.72	0.521
9606.ENSP00000225964	9606.ENSP00000363840	COL1A1	COL11A2	9606	0.868	0	0	0.113	0.113	0	0.72	0.472
9606.ENSP00000225964	9606.ENSP00000443827	COL1A1	SP7	9606	0.88	0	0	0	0	0.053	0	0.879
9606.ENSP00000225964	9606.ENSP00000360493	COL1A1	RUNX2	9606	0.955	0	0	0	0.061	0	0.75	0.826
9606.ENSP00000225964	9606.ENSP00000359114	COL1A1	COL11A1	9606	0.965	0	0	0.095	0.244	0	0.72	0.841
9606.ENSP00000225964	9606.ENSP00000364000	COL1A1	COL5A2	9606	0.995	0	0	0.064	0.839	0	0.72	0.912
9606.ENSP00000225964	9606.ENSP00000297268	COL1A1	COL1A2	9606	0.999	0	0	0.061	0.964	0.649	0.9	0.981
9606.ENSP00000226067	9606.ENSP00000482093	HLF	PER3	9606	0.578	0	0	0	0.165	0.166	0	0.442
9606.ENSP00000226067	9606.ENSP00000246672	HLF	NR1D1	9606	0.581	0	0	0	0.095	0.062	0	0.546
9606.ENSP00000226067	9606.ENSP00000254657	HLF	PER2	9606	0.6	0	0	0	0.168	0.126	0	0.494
9606.ENSP00000226247	9606.ENSP00000478672	FOXN1	RAG2	9606	0.549	0	0	0	0.101	0	0	0.519
9606.ENSP00000226247	9606.ENSP00000243056	FOXN1	HOXC13	9606	0.794	0	0	0	0.15	0.184	0	0.727
9606.ENSP00000228641	9606.ENSP00000368880	MYF6	FOXO1	9606	0.422	0	0	0	0	0	0	0.422
9606.ENSP00000228641	9606.ENSP00000307321	MYF6	HOXC10	9606	0.459	0	0	0	0.103	0.067	0	0.406
9606.ENSP00000228641	9606.ENSP00000265354	MYF6	SRF	9606	0.461	0	0	0	0.111	0	0	0.418
9606.ENSP00000228641	9606.ENSP00000339730	MYF6	THBS4	9606	0.461	0	0	0	0.129	0	0	0.407
9606.ENSP00000228641	9606.ENSP00000400908	MYF6	MYBPC1	9606	0.474	0	0	0	0.365	0	0	0.206
9606.ENSP00000228641	9606.ENSP00000352608	MYF6	RYR1	9606	0.485	0	0	0	0.24	0	0	0.349
9606.ENSP00000228641	9606.ENSP00000430075	MYF6	AMPD1	9606	0.487	0	0	0	0.378	0	0	0.21
9606.ENSP00000228641	9606.ENSP00000371336	MYF6	TNNI2	9606	0.552	0	0	0	0.295	0	0	0.39
9606.ENSP00000228641	9606.ENSP00000228841	MYF6	MYL2	9606	0.579	0	0	0	0.425	0	0	0.298
9606.ENSP00000228641	9606.ENSP00000402154	MYF6	MEF2B	9606	0.718	0	0	0	0.044	0.045	0.5	0.456
9606.ENSP00000228641	9606.ENSP00000340874	MYF6	MEF2C	9606	0.765	0	0	0	0	0.045	0.5	0.548
9606.ENSP00000228837	9606.ENSP00000332353	FGF6	PTCH1	9606	0.417	0	0	0	0	0.059	0	0.406
9606.ENSP00000228837	9606.ENSP00000295731	FGF6	IHH	9606	0.512	0	0	0	0.042	0	0	0.512
9606.ENSP00000228837	9606.ENSP00000360493	FGF6	RUNX2	9606	0.532	0	0	0	0.066	0	0	0.52
9606.ENSP00000228837	9606.ENSP00000389814	FGF6	ADIPOQ	9606	0.598	0	0	0	0.048	0	0	0.596
9606.ENSP00000228837	9606.ENSP00000481675	FGF6	SPRY1	9606	0.622	0	0	0	0	0	0	0.622
9606.ENSP00000228837	9606.ENSP00000265171	FGF6	EGF	9606	0.988	0	0	0	0	0.053	0	0.988
9606.ENSP00000228841	9606.ENSP00000311436	MYL2	ABRA	9606	0.418	0	0	0	0.357	0.067	0	0.107
9606.ENSP00000228841	9606.ENSP00000430075	MYL2	AMPD1	9606	0.418	0	0	0	0.174	0	0.106	0.275
9606.ENSP00000228841	9606.ENSP00000303394	MYL2	HSPB3	9606	0.42	0	0	0	0.276	0.062	0	0.215
9606.ENSP00000228841	9606.ENSP00000265354	MYL2	SRF	9606	0.423	0	0	0	0	0	0	0.423
9606.ENSP00000228841	9606.ENSP00000494788	MYL2	CASK	9606	0.439	0	0	0	0	0.415	0	0.081
9606.ENSP00000228841	9606.ENSP00000352608	MYL2	RYR1	9606	0.507	0	0	0	0.121	0.218	0	0.34
9606.ENSP00000228841	9606.ENSP00000404203	MYL2	CKMT2	9606	0.52	0	0	0	0.275	0	0	0.365
9606.ENSP00000228841	9606.ENSP00000255416	MYL2	MYBPH	9606	0.524	0	0	0	0.192	0	0	0.435
9606.ENSP00000228841	9606.ENSP00000284767	MYL2	PDLIM3	9606	0.538	0	0	0	0.188	0.096	0	0.421
9606.ENSP00000228841	9606.ENSP00000355192	MYL2	CACNA1S	9606	0.546	0	0	0	0.191	0.134	0	0.403
9606.ENSP00000228841	9606.ENSP00000446007	MYL2	VIM	9606	0.614	0	0	0	0.103	0	0.5	0.21
9606.ENSP00000228841	9606.ENSP00000360762	MYL2	ANKRD1	9606	0.622	0	0	0	0.254	0.104	0	0.48
9606.ENSP00000228841	9606.ENSP00000340874	MYL2	MEF2C	9606	0.632	0	0	0	0.071	0.053	0	0.615
9606.ENSP00000228841	9606.ENSP00000400908	MYL2	MYBPC1	9606	0.868	0	0	0	0.327	0.125	0.5	0.605
9606.ENSP00000228841	9606.ENSP00000371336	MYL2	TNNI2	9606	0.905	0	0	0	0.392	0.189	0.5	0.661
9606.ENSP00000228938	9606.ENSP00000297268	MGP	COL1A2	9606	0.532	0	0	0	0.222	0	0	0.423
9606.ENSP00000228938	9606.ENSP00000443827	MGP	SP7	9606	0.548	0	0	0	0	0	0	0.548
9606.ENSP00000228938	9606.ENSP00000360493	MGP	RUNX2	9606	0.683	0	0	0	0.042	0	0	0.683
9606.ENSP00000228938	9606.ENSP00000367952	MGP	UCMA	9606	0.762	0	0	0	0	0	0	0.762
9606.ENSP00000229264	9606.ENSP00000230361	GNB3	GUCA1B	9606	0.4	0	0	0	0.071	0.068	0	0.362
9606.ENSP00000229264	9606.ENSP00000497110	GNB3	GRM6	9606	0.407	0	0	0	0.043	0	0	0.406
9606.ENSP00000229264	9606.ENSP00000375855	GNB3	PDC	9606	0.413	0	0	0	0.056	0.179	0	0.303
9606.ENSP00000229264	9606.ENSP00000334876	GNB3	GRK1	9606	0.414	0	0	0	0.097	0.14	0	0.306
9606.ENSP00000229264	9606.ENSP00000405841	GNB3	RXFP1	9606	0.425	0	0	0	0.081	0.045	0	0.397
9606.ENSP00000229264	9606.ENSP00000233596	GNB3	REEP6	9606	0.438	0	0	0	0	0	0	0.438
9606.ENSP00000229264	9606.ENSP00000332225	GNB3	PMCH	9606	0.532	0	0	0	0	0	0.5	0.103
9606.ENSP00000229264	9606.ENSP00000343925	GNB3	ESR2	9606	0.54	0	0	0	0.06	0.051	0.5	0.09
9606.ENSP00000229264	9606.ENSP00000264952	GNB3	GRK7	9606	0.548	0	0	0	0.074	0.139	0	0.478
9606.ENSP00000229264	9606.ENSP00000469759	GNB3	LRIT3	9606	0.558	0	0	0	0.059	0.154	0	0.49
9606.ENSP00000229264	9606.ENSP00000393333	GNB3	TBXA2R	9606	0.564	0	0	0	0.054	0.129	0.5	0.068
9606.ENSP00000229264	9606.ENSP00000311538	GNB3	ARR3	9606	0.611	0	0	0	0.126	0	0	0.572
9606.ENSP00000229264	9606.ENSP00000402152	GNB3	SLC12A3	9606	0.622	0	0	0	0.081	0	0	0.606
9606.ENSP00000229264	9606.ENSP00000249389	GNB3	OPN1SW	9606	0.681	0	0	0	0.065	0.129	0.5	0.31
9606.ENSP00000229264	9606.ENSP00000355192	GNB3	CACNA1S	9606	0.701	0	0	0	0	0.045	0.65	0.179
9606.ENSP00000229264	9606.ENSP00000297323	GNB3	ADCY1	9606	0.708	0	0	0	0.062	0.065	0.65	0.163
9606.ENSP00000229264	9606.ENSP00000501053	GNB3	ADCY7	9606	0.722	0	0	0	0	0.065	0.65	0.22
9606.ENSP00000229264	9606.ENSP00000302846	GNB3	PTGER4	9606	0.812	0	0	0	0	0.487	0.65	0
9606.ENSP00000229264	9606.ENSP00000296271	GNB3	RHO	9606	0.832	0	0	0	0.063	0.404	0.5	0.471
9606.ENSP00000229264	9606.ENSP00000421710	GNB3	GNGT2	9606	0.999	0	0	0	0.056	0.995	0.54	0.786
9606.ENSP00000230361	9606.ENSP00000233596	GUCA1B	REEP6	9606	0.415	0	0	0	0	0.044	0	0.413
9606.ENSP00000230361	9606.ENSP00000361177	GUCA1B	LRIT1	9606	0.415	0	0	0	0.194	0.108	0	0.251
9606.ENSP00000230361	9606.ENSP00000299721	GUCA1B	CPLX4	9606	0.417	0	0	0	0.202	0	0	0.299
9606.ENSP00000230361	9606.ENSP00000485478	GUCA1B	CDHR1	9606	0.439	0	0	0	0.105	0	0	0.399
9606.ENSP00000230361	9606.ENSP00000494788	GUCA1B	CASK	9606	0.443	0	0	0	0	0.415	0	0.088
9606.ENSP00000230361	9606.ENSP00000268125	GUCA1B	RLBP1	9606	0.444	0	0	0	0.067	0	0	0.428
9606.ENSP00000230361	9606.ENSP00000249389	GUCA1B	OPN1SW	9606	0.447	0	0	0	0.192	0	0	0.343
9606.ENSP00000230361	9606.ENSP00000375855	GUCA1B	PDC	9606	0.455	0	0	0	0.133	0	0	0.397
9606.ENSP00000230361	9606.ENSP00000311538	GUCA1B	ARR3	9606	0.496	0	0	0	0.111	0	0	0.456
9606.ENSP00000230361	9606.ENSP00000386444	GUCA1B	SAG	9606	0.599	0	0	0	0.114	0	0	0.566
9606.ENSP00000230361	9606.ENSP00000421710	GUCA1B	GNGT2	9606	0.599	0	0	0	0.356	0	0	0.402
9606.ENSP00000230361	9606.ENSP00000371514	GUCA1B	KCNV2	9606	0.616	0	0	0	0.354	0.129	0	0.373
9606.ENSP00000230361	9606.ENSP00000334876	GUCA1B	GRK1	9606	0.664	0	0	0	0.107	0.094	0	0.618
9606.ENSP00000230361	9606.ENSP00000264952	GUCA1B	GRK7	9606	0.677	0	0	0	0.237	0.094	0	0.571
9606.ENSP00000230361	9606.ENSP00000230381	GUCA1B	PRPH2	9606	0.72	0	0	0	0.111	0	0	0.698
9606.ENSP00000230361	9606.ENSP00000278833	GUCA1B	ROM1	9606	0.736	0	0	0	0.166	0	0	0.696
9606.ENSP00000230361	9606.ENSP00000296271	GUCA1B	RHO	9606	0.751	0	0	0	0.24	0	0	0.686
9606.ENSP00000230381	9606.ENSP00000305631	PRPH2	NXNL1	9606	0.413	0	0	0	0.062	0	0	0.399
9606.ENSP00000230381	9606.ENSP00000249389	PRPH2	OPN1SW	9606	0.443	0	0	0	0.11	0	0	0.4
9606.ENSP00000230381	9606.ENSP00000386444	PRPH2	SAG	9606	0.454	0	0	0	0.111	0	0	0.411
9606.ENSP00000230381	9606.ENSP00000311538	PRPH2	ARR3	9606	0.46	0	0	0	0.089	0	0	0.431
9606.ENSP00000230381	9606.ENSP00000233596	PRPH2	REEP6	9606	0.464	0	0	0	0	0	0	0.464
9606.ENSP00000230381	9606.ENSP00000375855	PRPH2	PDC	9606	0.496	0	0	0	0.241	0	0	0.364
9606.ENSP00000230381	9606.ENSP00000334876	PRPH2	GRK1	9606	0.503	0	0	0	0.087	0	0	0.478
9606.ENSP00000230381	9606.ENSP00000371514	PRPH2	KCNV2	9606	0.581	0	0	0	0.144	0	0	0.531
9606.ENSP00000230381	9606.ENSP00000264952	PRPH2	GRK7	9606	0.589	0	0	0	0.212	0	0	0.5
9606.ENSP00000230381	9606.ENSP00000498711	PRPH2	RDH8	9606	0.597	0	0	0	0.069	0	0	0.585
9606.ENSP00000230381	9606.ENSP00000421710	PRPH2	GNGT2	9606	0.61	0	0	0	0.139	0	0	0.565
9606.ENSP00000230381	9606.ENSP00000485478	PRPH2	CDHR1	9606	0.666	0	0	0	0.057	0.045	0	0.659
9606.ENSP00000230381	9606.ENSP00000268125	PRPH2	RLBP1	9606	0.754	0	0	0	0	0	0	0.754
9606.ENSP00000230381	9606.ENSP00000296271	PRPH2	RHO	9606	0.935	0	0	0	0.156	0	0	0.927
9606.ENSP00000230381	9606.ENSP00000278833	PRPH2	ROM1	9606	0.995	0	0	0.092	0.082	0.901	0	0.948
9606.ENSP00000233596	9606.ENSP00000311538	REEP6	ARR3	9606	0.461	0	0	0	0	0	0	0.461
9606.ENSP00000233596	9606.ENSP00000305631	REEP6	NXNL1	9606	0.533	0	0	0	0.043	0	0	0.533
9606.ENSP00000233596	9606.ENSP00000278833	REEP6	ROM1	9606	0.535	0	0	0	0.056	0	0	0.528
9606.ENSP00000236877	9606.ENSP00000377779	SLC8A2	SV2B	9606	0.515	0	0	0	0.149	0	0	0.453
9606.ENSP00000236877	9606.ENSP00000380901	SLC8A2	COL8A2	9606	0.523	0	0	0	0	0	0	0.523
9606.ENSP00000236877	9606.ENSP00000370669	SLC8A2	SLC8A3	9606	0.964	0	0	0.053	0.086	0.628	0.9	0.066
9606.ENSP00000242480	9606.ENSP00000497483	EGR2	DHH	9606	0.442	0	0	0	0	0.09	0	0.411
9606.ENSP00000242480	9606.ENSP00000378635	EGR2	DRP2	9606	0.579	0	0	0	0	0	0.5	0.193
9606.ENSP00000242480	9606.ENSP00000265354	EGR2	SRF	9606	0.688	0	0	0	0.081	0.089	0.5	0.344
9606.ENSP00000242480	9606.ENSP00000376048	EGR2	MAG	9606	0.915	0	0	0	0	0	0.75	0.675
9606.ENSP00000242728	9606.ENSP00000315743	BHLHE41	CCNG2	9606	0.48	0	0	0	0.049	0	0	0.476
9606.ENSP00000242728	9606.ENSP00000314420	BHLHE41	PER1	9606	0.719	0	0	0	0	0.457	0	0.504
9606.ENSP00000242728	9606.ENSP00000246672	BHLHE41	NR1D1	9606	0.94	0	0	0	0.15	0.046	0	0.932
9606.ENSP00000242728	9606.ENSP00000482093	BHLHE41	PER3	9606	0.96	0	0	0	0.067	0.457	0	0.927
9606.ENSP00000242728	9606.ENSP00000254657	BHLHE41	PER2	9606	0.999	0	0	0	0.044	0.968	0.75	0.952
9606.ENSP00000243056	9606.ENSP00000243103	HOXC13	HOXC12	9606	0.435	0	0	0	0.199	0	0	0.323
9606.ENSP00000243056	9606.ENSP00000296839	HOXC13	FOXQ1	9606	0.685	0	0	0	0	0.064	0	0.677
9606.ENSP00000243056	9606.ENSP00000307321	HOXC13	HOXC10	9606	0.709	0	0	0	0.426	0	0	0.514
9606.ENSP00000245304	9606.ENSP00000345179	RAP2A	APOD	9606	0.444	0	0	0	0.061	0	0	0.432
9606.ENSP00000246672	9606.ENSP00000361141	NR1D1	OPN4	9606	0.541	0	0	0	0.06	0	0	0.532
9606.ENSP00000246672	9606.ENSP00000314420	NR1D1	PER1	9606	0.762	0	0	0	0.142	0.125	0	0.709
9606.ENSP00000246672	9606.ENSP00000482093	NR1D1	PER3	9606	0.978	0	0	0	0.166	0.125	0	0.972
9606.ENSP00000246672	9606.ENSP00000254657	NR1D1	PER2	9606	0.998	0	0	0	0.109	0.154	0	0.998
9606.ENSP00000247153	9606.ENSP00000278407	CFP	SERPING1	9606	0.774	0	0	0	0.061	0	0	0.77
9606.ENSP00000249389	9606.ENSP00000375855	OPN1SW	PDC	9606	0.407	0	0	0	0.315	0	0	0.169
9606.ENSP00000249389	9606.ENSP00000334876	OPN1SW	GRK1	9606	0.456	0	0	0	0.149	0.097	0	0.349
9606.ENSP00000249389	9606.ENSP00000278833	OPN1SW	ROM1	9606	0.487	0	0	0	0.141	0	0	0.427
9606.ENSP00000249389	9606.ENSP00000268125	OPN1SW	RLBP1	9606	0.5	0	0	0	0.08	0	0	0.478
9606.ENSP00000249389	9606.ENSP00000497110	OPN1SW	GRM6	9606	0.524	0	0	0	0.042	0	0	0.523
9606.ENSP00000249389	9606.ENSP00000421710	OPN1SW	GNGT2	9606	0.727	0	0	0	0.078	0.12	0.5	0.406
9606.ENSP00000249389	9606.ENSP00000296271	OPN1SW	RHO	9606	0.753	0	0	0	0.316	0	0.5	0.336
9606.ENSP00000249389	9606.ENSP00000311538	OPN1SW	ARR3	9606	0.912	0	0	0	0.156	0.108	0	0.892
9606.ENSP00000249501	9606.ENSP00000369889	HOXD10	COL2A1	9606	0.442	0	0	0	0.05	0.042	0	0.436
9606.ENSP00000249501	9606.ENSP00000385586	HOXD10	HOXD12	9606	0.58	0	0	0	0.148	0	0	0.527
9606.ENSP00000249501	9606.ENSP00000249504	HOXD10	HOXD11	9606	0.999	0	0	0	0.999	0	0	0.576
9606.ENSP00000250457	9606.ENSP00000335147	EGLN3	ANKRD37	9606	0.41	0	0	0	0.067	0.066	0	0.377
9606.ENSP00000250457	9606.ENSP00000263556	EGLN3	P4HA1	9606	0.698	0	0	0	0.121	0	0	0.67
9606.ENSP00000250699	9606.ENSP00000359285	CHRNA10	CHRNA4	9606	0.614	0	0	0.084	0.066	0	0.54	0.134
9606.ENSP00000250896	9606.ENSP00000343925	MKNK2	ESR2	9606	0.46	0	0	0	0	0.23	0	0.328
9606.ENSP00000250896	9606.ENSP00000362314	MKNK2	EIF4EBP2	9606	0.463	0	0	0	0.054	0	0	0.456
9606.ENSP00000251296	9606.ENSP00000368278	IGSF21	IL1RAPL1	9606	0.403	0	0	0	0	0.093	0	0.369
9606.ENSP00000251296	9606.ENSP00000421191	IGSF21	IGSF22	9606	0.474	0	0	0	0.042	0.079	0	0.452
9606.ENSP00000254657	9606.ENSP00000298552	PER2	TSC1	9606	0.422	0	0	0	0	0	0	0.422
9606.ENSP00000254657	9606.ENSP00000366410	PER2	NMNAT1	9606	0.483	0	0	0	0	0	0	0.484
9606.ENSP00000254657	9606.ENSP00000359382	PER2	PASD1	9606	0.544	0	0	0	0	0.434	0	0.227
9606.ENSP00000254657	9606.ENSP00000260187	PER2	USP2	9606	0.583	0	0	0	0.151	0.125	0	0.484
9606.ENSP00000254657	9606.ENSP00000361141	PER2	OPN4	9606	0.726	0	0	0	0	0	0	0.726
9606.ENSP00000254657	9606.ENSP00000314420	PER2	PER1	9606	0.997	0	0	0.069	0.174	0.968	0.9	0.12
9606.ENSP00000254657	9606.ENSP00000482093	PER2	PER3	9606	0.998	0	0	0	0.177	0.963	0.9	0.562
9606.ENSP00000255416	9606.ENSP00000265171	MYBPH	EGF	9606	0.406	0	0	0	0	0	0	0.406
9606.ENSP00000255416	9606.ENSP00000371336	MYBPH	TNNI2	9606	0.434	0	0	0	0.279	0	0	0.246
9606.ENSP00000260187	9606.ENSP00000314420	USP2	PER1	9606	0.458	0	0	0	0.152	0.154	0	0.304
9606.ENSP00000260187	9606.ENSP00000482093	USP2	PER3	9606	0.472	0	0	0	0.127	0.125	0	0.364
9606.ENSP00000260187	9606.ENSP00000352676	USP2	ZRANB1	9606	0.523	0	0	0	0.045	0.074	0	0.504
9606.ENSP00000261172	9606.ENSP00000383894	EPYC	MATN3	9606	0.44	0	0	0	0.178	0.099	0	0.304
9606.ENSP00000261172	9606.ENSP00000339730	EPYC	THBS4	9606	0.514	0	0	0	0.072	0.099	0	0.465
9606.ENSP00000261172	9606.ENSP00000327368	EPYC	COL10A1	9606	0.546	0	0	0	0.26	0.091	0	0.38
9606.ENSP00000261172	9606.ENSP00000359114	EPYC	COL11A1	9606	0.626	0	0	0	0.393	0.091	0	0.377
9606.ENSP00000261208	9606.ENSP00000302620	HAL	AGXT	9606	0.555	0	0	0	0.311	0	0	0.38
9606.ENSP00000261208	9606.ENSP00000364986	HAL	AGMAT	9606	0.753	0.115	0	0	0.382	0	0.42	0.315
9606.ENSP00000261208	9606.ENSP00000349446	HAL	ARG1	9606	0.889	0.115	0	0	0.645	0	0.42	0.462
9606.ENSP00000261208	9606.ENSP00000373073	HAL	UROC1	9606	0.995	0	0.12	0.53	0.32	0	0.172	0.984
9606.ENSP00000261507	9606.ENSP00000363868	MSMO1	ABCA1	9606	0.433	0	0	0	0	0.082	0	0.408
9606.ENSP00000261507	9606.ENSP00000261835	MSMO1	CYP46A1	9606	0.542	0	0	0	0.103	0.27	0.099	0.315
9606.ENSP00000261507	9606.ENSP00000380837	MSMO1	LSS	9606	0.958	0	0	0	0.383	0.782	0	0.712
9606.ENSP00000261507	9606.ENSP00000360316	MSMO1	DHCR24	9606	0.987	0	0	0	0.452	0	0.907	0.763
9606.ENSP00000261507	9606.ENSP00000491537	MSMO1	FDFT1	9606	0.991	0.079	0	0	0.53	0.782	0	0.916
9606.ENSP00000261835	9606.ENSP00000491537	CYP46A1	FDFT1	9606	0.53	0.045	0	0	0.055	0.129	0	0.473
9606.ENSP00000261835	9606.ENSP00000380837	CYP46A1	LSS	9606	0.632	0	0	0	0.054	0.309	0.186	0.391
9606.ENSP00000261835	9606.ENSP00000363868	CYP46A1	ABCA1	9606	0.653	0	0	0	0.051	0.066	0	0.64
9606.ENSP00000261835	9606.ENSP00000360316	CYP46A1	DHCR24	9606	0.913	0	0	0	0.056	0.069	0.814	0.531
9606.ENSP00000262394	9606.ENSP00000386433	WSB1	ZNF638	9606	0.419	0	0	0	0.111	0.1	0	0.332
9606.ENSP00000262394	9606.ENSP00000298910	WSB1	LRRK2	9606	0.452	0	0	0	0.056	0.333	0	0.199
9606.ENSP00000262430	9606.ENSP00000315013	MLYCD	CRAT	9606	0.415	0	0	0	0.042	0	0	0.415
9606.ENSP00000262430	9606.ENSP00000392411	MLYCD	SLC13A2	9606	0.497	0.041	0	0	0	0	0.408	0.186
9606.ENSP00000262430	9606.ENSP00000379011	MLYCD	CPT1B	9606	0.511	0	0	0	0.06	0	0	0.501
9606.ENSP00000263556	9606.ENSP00000361834	P4HA1	COL9A2	9606	0.439	0	0	0	0	0	0.4	0.103
9606.ENSP00000263556	9606.ENSP00000335147	P4HA1	ANKRD37	9606	0.443	0	0	0	0.138	0.106	0	0.335
9606.ENSP00000263556	9606.ENSP00000380901	P4HA1	COL8A2	9606	0.447	0	0	0	0.047	0	0.4	0.111
9606.ENSP00000263556	9606.ENSP00000363840	P4HA1	COL11A2	9606	0.457	0	0	0	0	0	0.4	0.132
9606.ENSP00000263556	9606.ENSP00000327368	P4HA1	COL10A1	9606	0.485	0	0	0	0.042	0	0.4	0.177
9606.ENSP00000263556	9606.ENSP00000349790	P4HA1	COL9A1	9606	0.491	0	0	0	0	0	0.4	0.187
9606.ENSP00000263556	9606.ENSP00000404854	P4HA1	NDRG1	9606	0.495	0	0	0	0.127	0	0	0.446
9606.ENSP00000263556	9606.ENSP00000359114	P4HA1	COL11A1	9606	0.511	0	0	0	0.047	0	0.4	0.213
9606.ENSP00000263556	9606.ENSP00000364000	P4HA1	COL5A2	9606	0.529	0	0	0	0.067	0	0.4	0.226
9606.ENSP00000263556	9606.ENSP00000369889	P4HA1	COL2A1	9606	0.58	0	0	0	0	0.145	0.4	0.247
9606.ENSP00000263556	9606.ENSP00000379042	P4HA1	ERO1A	9606	0.595	0	0	0	0.251	0.099	0	0.448
9606.ENSP00000263556	9606.ENSP00000297268	P4HA1	COL1A2	9606	0.691	0	0	0	0.06	0	0.4	0.496
9606.ENSP00000264094	9606.ENSP00000363840	LOXL3	COL11A2	9606	0.423	0	0	0	0.058	0.091	0	0.38
9606.ENSP00000264094	9606.ENSP00000349790	LOXL3	COL9A1	9606	0.449	0	0	0	0.042	0.091	0	0.418
9606.ENSP00000264094	9606.ENSP00000359114	LOXL3	COL11A1	9606	0.472	0	0	0	0.105	0.091	0	0.402
9606.ENSP00000264094	9606.ENSP00000361834	LOXL3	COL9A2	9606	0.478	0	0	0	0.049	0.091	0	0.445
9606.ENSP00000264952	9606.ENSP00000355689	GRK7	GUK1	9606	0.416	0	0.001	0	0.086	0	0	0.388
9606.ENSP00000264952	9606.ENSP00000375855	GRK7	PDC	9606	0.498	0	0	0	0.069	0.052	0	0.476
9606.ENSP00000264952	9606.ENSP00000278833	GRK7	ROM1	9606	0.545	0	0	0	0.131	0	0	0.498
9606.ENSP00000264952	9606.ENSP00000421710	GRK7	GNGT2	9606	0.581	0	0	0	0.194	0.12	0	0.456
9606.ENSP00000264952	9606.ENSP00000311538	GRK7	ARR3	9606	0.59	0	0	0	0.055	0.045	0	0.583
9606.ENSP00000264952	9606.ENSP00000334876	GRK7	GRK1	9606	0.91	0	0	0.072	0.057	0	0.9	0.101
9606.ENSP00000264952	9606.ENSP00000386444	GRK7	SAG	9606	0.957	0	0	0	0.055	0.045	0	0.956
9606.ENSP00000264952	9606.ENSP00000296271	GRK7	RHO	9606	0.999	0	0	0	0.106	0.097	0.9	0.993
9606.ENSP00000265077	9606.ENSP00000359114	VCAN	COL11A1	9606	0.498	0	0	0	0.153	0.091	0	0.401
9606.ENSP00000265077	9606.ENSP00000284987	VCAN	ADAMTS5	9606	0.527	0	0	0	0.138	0	0	0.474
9606.ENSP00000265077	9606.ENSP00000265171	VCAN	EGF	9606	0.57	0	0	0	0	0	0	0.57
9606.ENSP00000265077	9606.ENSP00000364000	VCAN	COL5A2	9606	0.589	0	0	0	0.249	0.091	0	0.447
9606.ENSP00000265077	9606.ENSP00000369889	VCAN	COL2A1	9606	0.629	0	0	0	0	0.091	0	0.609
9606.ENSP00000265077	9606.ENSP00000297268	VCAN	COL1A2	9606	0.756	0	0	0	0.183	0.091	0	0.699
9606.ENSP00000265138	9606.ENSP00000386444	ARRDC3	SAG	9606	0.701	0	0	0	0	0	0	0.701
9606.ENSP00000265171	9606.ENSP00000349446	EGF	ARG1	9606	0.401	0	0	0	0.044	0	0	0.4
9606.ENSP00000265171	9606.ENSP00000303394	EGF	HSPB3	9606	0.404	0	0	0	0.044	0	0	0.402
9606.ENSP00000265171	9606.ENSP00000345672	EGF	CTSB	9606	0.419	0	0	0	0	0	0	0.419
9606.ENSP00000265171	9606.ENSP00000332353	EGF	PTCH1	9606	0.433	0	0	0	0	0	0	0.433
9606.ENSP00000265171	9606.ENSP00000360493	EGF	RUNX2	9606	0.44	0	0	0	0	0	0	0.44
9606.ENSP00000265171	9606.ENSP00000364000	EGF	COL5A2	9606	0.441	0	0	0	0.044	0	0	0.44
9606.ENSP00000265171	9606.ENSP00000277575	EGF	USP6NL	9606	0.487	0	0	0	0	0	0	0.488
9606.ENSP00000265171	9606.ENSP00000379176	EGF	CDKL1	9606	0.492	0	0	0	0.043	0	0	0.491
9606.ENSP00000265171	9606.ENSP00000446007	EGF	VIM	9606	0.503	0	0	0	0.055	0	0	0.496
9606.ENSP00000265171	9606.ENSP00000359629	EGF	CRTAC1	9606	0.511	0	0	0	0	0	0	0.511
9606.ENSP00000265171	9606.ENSP00000343925	EGF	ESR2	9606	0.578	0	0	0	0	0	0	0.578
9606.ENSP00000265171	9606.ENSP00000481675	EGF	SPRY1	9606	0.612	0	0	0	0	0	0.5	0.257
9606.ENSP00000265171	9606.ENSP00000368880	EGF	FOXO1	9606	0.636	0	0	0	0	0	0	0.636
9606.ENSP00000265354	9606.ENSP00000364946	SRF	MKX	9606	0.432	0	0	0	0.08	0.304	0	0.185
9606.ENSP00000265354	9606.ENSP00000498684	SRF	FHL1	9606	0.441	0	0	0	0.059	0.292	0	0.228
9606.ENSP00000265354	9606.ENSP00000326022	SRF	FHL5	9606	0.445	0	0	0	0.074	0	0	0.425
9606.ENSP00000265354	9606.ENSP00000356070	SRF	MAPKAPK2	9606	0.462	0	0	0	0.337	0	0	0.223
9606.ENSP00000265354	9606.ENSP00000328720	SRF	FOXK1	9606	0.576	0	0	0	0.107	0.377	0	0.298
9606.ENSP00000265354	9606.ENSP00000360493	SRF	RUNX2	9606	0.591	0	0	0	0	0	0	0.591
9606.ENSP00000265354	9606.ENSP00000311436	SRF	ABRA	9606	0.665	0	0	0	0	0	0	0.665
9606.ENSP00000265354	9606.ENSP00000368880	SRF	FOXO1	9606	0.807	0	0	0	0.049	0.125	0	0.786
9606.ENSP00000265634	9606.ENSP00000332225	NPTX2	PMCH	9606	0.606	0	0	0	0	0	0	0.606
9606.ENSP00000265634	9606.ENSP00000392500	NPTX2	NLGN1	9606	0.796	0	0	0	0.08	0	0	0.788
9606.ENSP00000265909	9606.ENSP00000362870	SNX19	MATN1	9606	0.404	0	0	0	0	0.042	0	0.403
9606.ENSP00000268125	9606.ENSP00000389241	RLBP1	DHRS9	9606	0.42	0	0	0	0	0	0.4	0.074
9606.ENSP00000268125	9606.ENSP00000361141	RLBP1	OPN4	9606	0.422	0	0	0	0.097	0	0	0.387
9606.ENSP00000268125	9606.ENSP00000497110	RLBP1	GRM6	9606	0.423	0	0	0	0	0	0	0.423
9606.ENSP00000268125	9606.ENSP00000386444	RLBP1	SAG	9606	0.47	0	0	0	0.058	0	0	0.46
9606.ENSP00000268125	9606.ENSP00000278833	RLBP1	ROM1	9606	0.515	0	0	0	0.044	0	0	0.514
9606.ENSP00000268125	9606.ENSP00000311538	RLBP1	ARR3	9606	0.541	0	0	0	0.088	0	0	0.517
9606.ENSP00000268125	9606.ENSP00000296271	RLBP1	RHO	9606	0.864	0	0	0	0.081	0	0	0.858
9606.ENSP00000268125	9606.ENSP00000498711	RLBP1	RDH8	9606	0.902	0	0	0	0.133	0.054	0	0.891
9606.ENSP00000278407	9606.ENSP00000278833	SERPING1	ROM1	9606	0.429	0	0	0	0	0	0	0.429
9606.ENSP00000278833	9606.ENSP00000371514	ROM1	KCNV2	9606	0.428	0	0	0	0.157	0	0	0.349
9606.ENSP00000278833	9606.ENSP00000311538	ROM1	ARR3	9606	0.429	0	0	0	0.056	0	0	0.42
9606.ENSP00000278833	9606.ENSP00000421710	ROM1	GNGT2	9606	0.438	0	0	0	0.109	0	0	0.395
9606.ENSP00000278833	9606.ENSP00000375855	ROM1	PDC	9606	0.499	0	0	0	0.114	0	0	0.458
9606.ENSP00000278833	9606.ENSP00000485478	ROM1	CDHR1	9606	0.509	0	0	0	0	0.045	0	0.507
9606.ENSP00000278833	9606.ENSP00000334876	ROM1	GRK1	9606	0.606	0	0	0	0.11	0	0	0.575
9606.ENSP00000278833	9606.ENSP00000386444	ROM1	SAG	9606	0.714	0	0	0	0.228	0	0	0.645
9606.ENSP00000278833	9606.ENSP00000296271	ROM1	RHO	9606	0.874	0	0	0	0.284	0	0	0.831
9606.ENSP00000284767	9606.ENSP00000366757	PDLIM3	LMO7	9606	0.458	0	0	0	0.068	0.066	0	0.427
9606.ENSP00000284767	9606.ENSP00000360762	PDLIM3	ANKRD1	9606	0.529	0	0	0	0.194	0	0	0.44
9606.ENSP00000284767	9606.ENSP00000397459	PDLIM3	DUSP22	9606	0.57	0	0	0	0.068	0.065	0.54	0.054
9606.ENSP00000284987	9606.ENSP00000359114	ADAMTS5	COL11A1	9606	0.414	0	0	0	0.086	0.053	0	0.378
9606.ENSP00000284987	9606.ENSP00000332353	ADAMTS5	PTCH1	9606	0.518	0	0	0	0.053	0	0	0.512
9606.ENSP00000284987	9606.ENSP00000327368	ADAMTS5	COL10A1	9606	0.662	0	0	0	0.072	0.053	0	0.647
9606.ENSP00000284987	9606.ENSP00000295731	ADAMTS5	IHH	9606	0.706	0	0	0	0	0	0	0.706
9606.ENSP00000284987	9606.ENSP00000360493	ADAMTS5	RUNX2	9606	0.741	0	0	0	0.044	0	0	0.74
9606.ENSP00000284987	9606.ENSP00000369889	ADAMTS5	COL2A1	9606	0.807	0	0	0	0	0.053	0	0.804
9606.ENSP00000286918	9606.ENSP00000391137	ANKRD9	ASB10	9606	0.522	0	0	0	0.048	0	0	0.518
9606.ENSP00000289004	9606.ENSP00000292147	HPD	ETHE1	9606	0.418	0.051	0	0	0	0	0.352	0.131
9606.ENSP00000289004	9606.ENSP00000359976	HPD	CTH	9606	0.418	0	0	0	0.214	0	0	0.289
9606.ENSP00000289004	9606.ENSP00000302620	HPD	AGXT	9606	0.518	0	0	0	0.457	0	0	0.149
9606.ENSP00000289004	9606.ENSP00000307640	HPD	TTC36	9606	0.686	0	0	0	0.429	0.327	0	0.248
9606.ENSP00000290271	9606.ENSP00000363868	STC1	ABCA1	9606	0.451	0	0	0	0.058	0	0	0.442
9606.ENSP00000290295	9606.ENSP00000307321	HOXB13	HOXC10	9606	0.509	0	0	0	0.079	0	0	0.489
9606.ENSP00000292147	9606.ENSP00000359976	ETHE1	CTH	9606	0.683	0.056	0	0	0.067	0	0	0.668
9606.ENSP00000293414	9606.ENSP00000372959	ASB16	LRRC30	9606	0.464	0	0	0	0.057	0.093	0	0.424
9606.ENSP00000295082	9606.ENSP00000360626	KCNF1	KCNG1	9606	0.529	0	0	0.124	0.049	0	0	0.48
9606.ENSP00000295731	9606.ENSP00000340874	IHH	MEF2C	9606	0.41	0	0	0	0	0	0	0.41
9606.ENSP00000295731	9606.ENSP00000443827	IHH	SP7	9606	0.624	0	0	0	0	0.09	0	0.604
9606.ENSP00000295731	9606.ENSP00000369889	IHH	COL2A1	9606	0.709	0	0	0	0.064	0	0	0.702
9606.ENSP00000295731	9606.ENSP00000327368	IHH	COL10A1	9606	0.745	0	0	0	0	0	0	0.745
9606.ENSP00000295731	9606.ENSP00000497483	IHH	DHH	9606	0.934	0	0	0.063	0	0	0.9	0.36
9606.ENSP00000295731	9606.ENSP00000360493	IHH	RUNX2	9606	0.958	0	0	0	0	0	0.75	0.841
9606.ENSP00000295731	9606.ENSP00000332353	IHH	PTCH1	9606	0.999	0	0	0	0.062	0.495	0.9	0.999
9606.ENSP00000296233	9606.ENSP00000462521	KLF15	TXNIP	9606	0.407	0	0	0	0	0.051	0	0.401
9606.ENSP00000296233	9606.ENSP00000307305	KLF15	DDIT4	9606	0.5	0	0	0	0.047	0	0	0.497
9606.ENSP00000296233	9606.ENSP00000368880	KLF15	FOXO1	9606	0.5	0	0	0	0.056	0.096	0	0.461
9606.ENSP00000296271	9606.ENSP00000485478	RHO	CDHR1	9606	0.407	0	0	0	0.104	0	0	0.364
9606.ENSP00000296271	9606.ENSP00000361087	RHO	SNCG	9606	0.432	0	0	0	0.058	0	0	0.422
9606.ENSP00000296271	9606.ENSP00000371514	RHO	KCNV2	9606	0.441	0	0	0	0.22	0	0	0.312
9606.ENSP00000296271	9606.ENSP00000317310	RHO	CABP1	9606	0.474	0	0	0	0.086	0	0	0.449
9606.ENSP00000296271	9606.ENSP00000362014	RHO	DNM1	9606	0.476	0	0	0	0.068	0	0	0.461
9606.ENSP00000296271	9606.ENSP00000393333	RHO	TBXA2R	9606	0.507	0	0	0	0.049	0	0	0.503
9606.ENSP00000296271	9606.ENSP00000305631	RHO	NXNL1	9606	0.532	0	0	0	0.065	0	0	0.519
9606.ENSP00000296271	9606.ENSP00000497110	RHO	GRM6	9606	0.657	0	0	0	0.066	0	0	0.648
9606.ENSP00000296271	9606.ENSP00000421710	RHO	GNGT2	9606	0.792	0	0	0	0.158	0.12	0.5	0.507
9606.ENSP00000296271	9606.ENSP00000498711	RHO	RDH8	9606	0.825	0	0	0	0.126	0.071	0	0.802
9606.ENSP00000296271	9606.ENSP00000375855	RHO	PDC	9606	0.828	0	0	0	0.137	0	0	0.809
9606.ENSP00000296271	9606.ENSP00000311538	RHO	ARR3	9606	0.993	0	0	0	0.171	0.442	0	0.987
9606.ENSP00000296271	9606.ENSP00000386444	RHO	SAG	9606	0.999	0	0	0	0.291	0.564	0.9	0.999
9606.ENSP00000296271	9606.ENSP00000334876	RHO	GRK1	9606	0.999	0	0	0	0.125	0.86	0.9	0.993
9606.ENSP00000296849	9606.ENSP00000492363	NKD2	PRICKLE2	9606	0.402	0	0	0	0.109	0	0	0.355
9606.ENSP00000297268	9606.ENSP00000364946	COL1A2	MKX	9606	0.414	0	0	0	0.054	0	0	0.406
9606.ENSP00000297268	9606.ENSP00000368880	COL1A2	FOXO1	9606	0.434	0	0	0	0	0.333	0	0.185
9606.ENSP00000297268	9606.ENSP00000339730	COL1A2	THBS4	9606	0.456	0	0	0	0.069	0.099	0	0.403
9606.ENSP00000297268	9606.ENSP00000389814	COL1A2	ADIPOQ	9606	0.477	0	0	0.29	0.068	0	0	0.274
9606.ENSP00000297268	9606.ENSP00000400365	COL1A2	LAMA2	9606	0.49	0	0	0	0.182	0.068	0	0.384
9606.ENSP00000297268	9606.ENSP00000349790	COL1A2	COL9A1	9606	0.552	0	0	0.16	0	0	0.4	0.182
9606.ENSP00000297268	9606.ENSP00000380901	COL1A2	COL8A2	9606	0.574	0	0	0.177	0.098	0	0.4	0.156
9606.ENSP00000297268	9606.ENSP00000446007	COL1A2	VIM	9606	0.574	0	0	0	0.189	0.05	0	0.492
9606.ENSP00000297268	9606.ENSP00000360493	COL1A2	RUNX2	9606	0.589	0	0	0	0.045	0	0	0.588
9606.ENSP00000297268	9606.ENSP00000443827	COL1A2	SP7	9606	0.717	0	0	0	0	0.053	0	0.714
9606.ENSP00000297268	9606.ENSP00000361834	COL1A2	COL9A2	9606	0.725	0	0	0.145	0	0	0.4	0.507
9606.ENSP00000297268	9606.ENSP00000327368	COL1A2	COL10A1	9606	0.755	0	0	0.173	0.136	0	0.4	0.496
9606.ENSP00000297268	9606.ENSP00000369889	COL1A2	COL2A1	9606	0.883	0	0	0.061	0	0	0.72	0.593
9606.ENSP00000297268	9606.ENSP00000363840	COL1A2	COL11A2	9606	0.953	0	0	0.116	0.122	0.069	0.9	0.452
9606.ENSP00000297268	9606.ENSP00000359114	COL1A2	COL11A1	9606	0.992	0	0	0.093	0.295	0.069	0.9	0.899
9606.ENSP00000297268	9606.ENSP00000364000	COL1A2	COL5A2	9606	0.998	0	0	0.072	0.884	0.098	0.72	0.949
9606.ENSP00000297323	9606.ENSP00000421710	ADCY1	GNGT2	9606	0.67	0	0	0	0.087	0	0.65	0.051
9606.ENSP00000297323	9606.ENSP00000501053	ADCY1	ADCY7	9606	0.718	0	0	0.087	0	0	0.5	0.432
9606.ENSP00000297323	9606.ENSP00000355847	ADCY1	PDE10A	9606	0.768	0	0	0	0.076	0.126	0.67	0.231
9606.ENSP00000298552	9606.ENSP00000365016	TSC1	IRS2	9606	0.419	0	0	0	0.042	0.066	0	0.403
9606.ENSP00000298552	9606.ENSP00000368880	TSC1	FOXO1	9606	0.469	0	0	0	0	0.071	0	0.452
9606.ENSP00000298552	9606.ENSP00000362314	TSC1	EIF4EBP2	9606	0.488	0	0	0	0.049	0	0	0.484
9606.ENSP00000298552	9606.ENSP00000324560	TSC1	ULK1	9606	0.518	0	0	0	0.072	0.045	0	0.5
9606.ENSP00000298552	9606.ENSP00000307305	TSC1	DDIT4	9606	0.971	0	0	0	0.087	0	0.9	0.716
9606.ENSP00000298910	9606.ENSP00000362014	LRRK2	DNM1	9606	0.659	0	0	0	0.054	0.292	0	0.532
9606.ENSP00000298910	9606.ENSP00000446007	LRRK2	VIM	9606	0.66	0	0	0	0.064	0.628	0	0.099
9606.ENSP00000299721	9606.ENSP00000441858	CPLX4	DMXL2	9606	0.456	0	0	0	0	0	0	0.456
9606.ENSP00000299721	9606.ENSP00000371514	CPLX4	KCNV2	9606	0.499	0	0	0	0.204	0	0	0.396
9606.ENSP00000300571	9606.ENSP00000322251	GPRC5B	TNNI3K	9606	0.586	0	0	0	0.067	0	0	0.575
9606.ENSP00000302620	9606.ENSP00000319814	AGXT	PCK1	9606	0.427	0	0	0	0.244	0	0	0.273
9606.ENSP00000302620	9606.ENSP00000373073	AGXT	UROC1	9606	0.432	0	0	0	0.307	0.045	0	0.21
9606.ENSP00000302620	9606.ENSP00000364986	AGXT	AGMAT	9606	0.442	0	0	0	0.129	0	0	0.385
9606.ENSP00000302620	9606.ENSP00000492001	AGXT	PFKFB3	9606	0.538	0.101	0	0	0.105	0	0.449	0.081
9606.ENSP00000302620	9606.ENSP00000327323	AGXT	THNSL2	9606	0.565	0.042	0	0	0.108	0.095	0.404	0.201
9606.ENSP00000302846	9606.ENSP00000421710	PTGER4	GNGT2	9606	0.692	0	0	0	0.082	0.12	0.65	0
9606.ENSP00000303394	9606.ENSP00000317817	HSPB3	SH2D3C	9606	0.402	0	0	0	0	0.045	0	0.4
9606.ENSP00000303394	9606.ENSP00000362444	HSPB3	DLGAP3	9606	0.422	0	0	0	0	0	0	0.423
9606.ENSP00000303394	9606.ENSP00000345405	HSPB3	SPRED3	9606	0.489	0	0	0	0	0	0	0.49
9606.ENSP00000303394	9606.ENSP00000343925	HSPB3	ESR2	9606	0.535	0	0	0	0	0	0	0.535
9606.ENSP00000303394	9606.ENSP00000446007	HSPB3	VIM	9606	0.556	0	0	0	0.067	0.045	0	0.542
9606.ENSP00000303394	9606.ENSP00000356070	HSPB3	MAPKAPK2	9606	0.822	0	0	0	0	0.05	0	0.821
9606.ENSP00000305631	9606.ENSP00000334876	NXNL1	GRK1	9606	0.443	0	0	0	0.069	0	0	0.426
9606.ENSP00000305631	9606.ENSP00000311538	NXNL1	ARR3	9606	0.484	0	0	0	0.059	0	0	0.473
9606.ENSP00000305631	9606.ENSP00000371514	NXNL1	KCNV2	9606	0.501	0	0	0	0.129	0	0	0.45
9606.ENSP00000306275	9606.ENSP00000476519	KCNK3	KCNN1	9606	0.462	0	0	0	0.053	0	0	0.455
9606.ENSP00000307305	9606.ENSP00000492001	DDIT4	PFKFB3	9606	0.417	0	0	0	0.166	0	0	0.329
9606.ENSP00000307305	9606.ENSP00000368880	DDIT4	FOXO1	9606	0.423	0	0	0	0.065	0	0	0.408
9606.ENSP00000307305	9606.ENSP00000362314	DDIT4	EIF4EBP2	9606	0.474	0	0	0	0	0	0	0.474
9606.ENSP00000307305	9606.ENSP00000404854	DDIT4	NDRG1	9606	0.502	0	0	0	0.168	0	0	0.425
9606.ENSP00000307305	9606.ENSP00000462521	DDIT4	TXNIP	9606	0.991	0	0	0	0.088	0.292	0	0.988
9606.ENSP00000307321	9606.ENSP00000378650	HOXC10	TBX6	9606	0.692	0	0	0	0.049	0.076	0	0.678
9606.ENSP00000308024	9606.ENSP00000499058	PCSK1	DIABLO	9606	0.585	0	0	0	0	0	0	0.585
9606.ENSP00000311538	9606.ENSP00000497110	ARR3	GRM6	9606	0.473	0	0	0	0.063	0	0	0.46
9606.ENSP00000311538	9606.ENSP00000361141	ARR3	OPN4	9606	0.581	0	0	0	0.121	0.136	0	0.492
9606.ENSP00000311538	9606.ENSP00000421710	ARR3	GNGT2	9606	0.623	0	0	0	0.078	0	0	0.608
9606.ENSP00000311538	9606.ENSP00000334876	ARR3	GRK1	9606	0.674	0	0	0	0.116	0.045	0	0.644
9606.ENSP00000314420	9606.ENSP00000359382	PER1	PASD1	9606	0.462	0	0	0	0	0.434	0	0.09
9606.ENSP00000314420	9606.ENSP00000482093	PER1	PER3	9606	0.997	0	0	0	0.059	0.968	0.9	0.237
9606.ENSP00000315743	9606.ENSP00000395012	CCNG2	KLHL24	9606	0.471	0	0	0	0.198	0	0	0.368
9606.ENSP00000315743	9606.ENSP00000368880	CCNG2	FOXO1	9606	0.692	0	0	0	0.049	0.091	0.5	0.372
9606.ENSP00000317310	9606.ENSP00000494788	CABP1	CASK	9606	0.488	0	0	0	0	0.415	0	0.161
9606.ENSP00000317817	9606.ENSP00000401010	SH2D3C	CAPZB	9606	0.502	0	0	0	0.055	0.13	0	0.443
9606.ENSP00000319814	9606.ENSP00000492001	PCK1	PFKFB3	9606	0.441	0	0	0	0.103	0	0	0.402
9606.ENSP00000319814	9606.ENSP00000379011	PCK1	CPT1B	9606	0.446	0	0	0	0	0	0	0.446
9606.ENSP00000319814	9606.ENSP00000365016	PCK1	IRS2	9606	0.538	0	0	0	0.042	0	0	0.537
9606.ENSP00000319814	9606.ENSP00000358719	PCK1	ME1	9606	0.548	0.046	0	0	0	0	0.152	0.487
9606.ENSP00000319814	9606.ENSP00000496597	PCK1	PFKM	9606	0.552	0	0	0	0.089	0	0	0.528
9606.ENSP00000319814	9606.ENSP00000389814	PCK1	ADIPOQ	9606	0.699	0	0	0	0.215	0	0	0.633
9606.ENSP00000319814	9606.ENSP00000368880	PCK1	FOXO1	9606	0.812	0	0	0	0.047	0	0.5	0.638
9606.ENSP00000320247	9606.ENSP00000402152	AQP6	SLC12A3	9606	0.436	0	0	0	0.067	0.045	0	0.417
9606.ENSP00000321427	9606.ENSP00000371514	KCNH5	KCNV2	9606	0.421	0	0	0	0.067	0.086	0	0.375
9606.ENSP00000321427	9606.ENSP00000494788	KCNH5	CASK	9606	0.488	0	0	0	0.058	0.437	0	0.113
9606.ENSP00000323816	9606.ENSP00000359382	AHRR	PASD1	9606	0.469	0	0	0	0.137	0.303	0	0.188
9606.ENSP00000323816	9606.ENSP00000420612	AHRR	TIPARP	9606	0.575	0	0	0	0.05	0	0	0.571
9606.ENSP00000324560	9606.ENSP00000368880	ULK1	FOXO1	9606	0.464	0	0	0	0.049	0.071	0	0.442
9606.ENSP00000327323	9606.ENSP00000359976	THNSL2	CTH	9606	0.444	0.118	0	0	0.06	0	0	0.383
9606.ENSP00000327368	9606.ENSP00000362870	COL10A1	MATN1	9606	0.42	0	0.027	0	0.049	0.099	0	0.378
9606.ENSP00000327368	9606.ENSP00000340874	COL10A1	MEF2C	9606	0.428	0	0	0	0.044	0	0	0.427
9606.ENSP00000327368	9606.ENSP00000363840	COL10A1	COL11A2	9606	0.519	0	0	0.113	0	0	0.4	0.169
9606.ENSP00000327368	9606.ENSP00000380901	COL10A1	COL8A2	9606	0.552	0	0	0.085	0.216	0	0.4	0.083
9606.ENSP00000327368	9606.ENSP00000361834	COL10A1	COL9A2	9606	0.567	0	0	0.171	0.067	0	0.4	0.178
9606.ENSP00000327368	9606.ENSP00000349790	COL10A1	COL9A1	9606	0.568	0	0	0.151	0.067	0	0.4	0.197
9606.ENSP00000327368	9606.ENSP00000443827	COL10A1	SP7	9606	0.598	0	0	0	0	0.053	0	0.593
9606.ENSP00000327368	9606.ENSP00000383894	COL10A1	MATN3	9606	0.602	0	0	0	0.169	0.099	0	0.511
9606.ENSP00000327368	9606.ENSP00000369889	COL10A1	COL2A1	9606	0.664	0	0	0.15	0.067	0	0.4	0.377
9606.ENSP00000327368	9606.ENSP00000364000	COL10A1	COL5A2	9606	0.753	0	0	0.156	0.213	0	0.4	0.454
9606.ENSP00000327368	9606.ENSP00000360493	COL10A1	RUNX2	9606	0.875	0	0	0	0.103	0	0	0.866
9606.ENSP00000327368	9606.ENSP00000359114	COL10A1	COL11A1	9606	0.877	0	0	0.091	0.623	0	0.4	0.472
9606.ENSP00000327675	9606.ENSP00000391137	LRRC14B	ASB10	9606	0.44	0	0	0	0.185	0	0	0.341
9606.ENSP00000327675	9606.ENSP00000480740	LRRC14B	LRRC39	9606	0.45	0	0	0	0.141	0	0	0.386
9606.ENSP00000327675	9606.ENSP00000372959	LRRC14B	LRRC30	9606	0.609	0	0	0	0.129	0	0	0.57
9606.ENSP00000332225	9606.ENSP00000421710	PMCH	GNGT2	9606	0.57	0	0	0	0.093	0	0.5	0.127
9606.ENSP00000332353	9606.ENSP00000360493	PTCH1	RUNX2	9606	0.597	0	0	0	0	0	0	0.597
9606.ENSP00000332353	9606.ENSP00000497483	PTCH1	DHH	9606	0.999	0	0	0	0.06	0.495	0.9	0.998
9606.ENSP00000334876	9606.ENSP00000355689	GRK1	GUK1	9606	0.403	0	0.001	0	0.109	0	0	0.358
9606.ENSP00000334876	9606.ENSP00000497110	GRK1	GRM6	9606	0.409	0	0	0	0	0	0	0.409
9606.ENSP00000334876	9606.ENSP00000375855	GRK1	PDC	9606	0.507	0	0	0	0.067	0.052	0	0.487
9606.ENSP00000334876	9606.ENSP00000469759	GRK1	LRIT3	9606	0.534	0	0	0	0.104	0.045	0	0.499
9606.ENSP00000334876	9606.ENSP00000386444	GRK1	SAG	9606	0.987	0	0	0	0.056	0.045	0.5	0.974
9606.ENSP00000334941	9606.ENSP00000345064	PTPRU	PRICKLE1	9606	0.623	0	0	0	0	0	0	0.623
9606.ENSP00000334941	9606.ENSP00000492363	PTPRU	PRICKLE2	9606	0.676	0	0	0	0.08	0	0	0.663
9606.ENSP00000335147	9606.ENSP00000404854	ANKRD37	NDRG1	9606	0.425	0	0	0	0.086	0.045	0	0.394
9606.ENSP00000335196	9606.ENSP00000378635	GLDN	DRP2	9606	0.463	0	0	0	0.062	0	0	0.451
9606.ENSP00000335196	9606.ENSP00000369889	GLDN	COL2A1	9606	0.491	0	0	0.182	0	0	0	0.403
9606.ENSP00000339730	9606.ENSP00000369889	THBS4	COL2A1	9606	0.409	0	0	0	0.049	0.099	0	0.365
9606.ENSP00000339730	9606.ENSP00000361834	THBS4	COL9A2	9606	0.505	0	0	0	0.052	0.099	0.4	0.147
9606.ENSP00000339730	9606.ENSP00000364946	THBS4	MKX	9606	0.519	0	0	0	0.059	0.068	0	0.495
9606.ENSP00000339730	9606.ENSP00000400365	THBS4	LAMA2	9606	0.541	0	0	0	0.101	0.098	0	0.479
9606.ENSP00000339730	9606.ENSP00000349790	THBS4	COL9A1	9606	0.546	0	0	0	0.049	0.099	0.4	0.222
9606.ENSP00000339867	9606.ENSP00000401010	CLCN1	CAPZB	9606	0.456	0	0	0	0	0	0	0.456
9606.ENSP00000339867	9606.ENSP00000355192	CLCN1	CACNA1S	9606	0.706	0	0	0	0.137	0	0	0.674
9606.ENSP00000339867	9606.ENSP00000352608	CLCN1	RYR1	9606	0.771	0	0	0	0.126	0	0	0.749
9606.ENSP00000340494	9606.ENSP00000386433	ZNF395	ZNF638	9606	0.476	0	0	0	0	0.094	0	0.445
9606.ENSP00000340494	9606.ENSP00000478672	ZNF395	RAG2	9606	0.504	0	0	0	0.052	0.412	0	0.183
9606.ENSP00000340609	9606.ENSP00000430075	DUPD1	AMPD1	9606	0.484	0	0	0	0.238	0	0	0.35
9606.ENSP00000340736	9606.ENSP00000370555	GYG1	GYG2	9606	0.986	0	0	0.067	0	0.86	0.9	0.092
9606.ENSP00000340874	9606.ENSP00000443827	MEF2C	SP7	9606	0.401	0	0	0	0	0.078	0	0.377
9606.ENSP00000340874	9606.ENSP00000478874	MEF2C	CAMK1D	9606	0.417	0	0	0	0.099	0.057	0	0.369
9606.ENSP00000340874	9606.ENSP00000360493	MEF2C	RUNX2	9606	0.506	0	0	0	0	0	0	0.506
9606.ENSP00000340874	9606.ENSP00000446007	MEF2C	VIM	9606	0.519	0	0	0	0.049	0	0	0.515
9606.ENSP00000340874	9606.ENSP00000360762	MEF2C	ANKRD1	9606	0.548	0	0	0	0	0.058	0	0.54
9606.ENSP00000340874	9606.ENSP00000368880	MEF2C	FOXO1	9606	0.635	0	0	0	0.078	0.091	0	0.599
9606.ENSP00000340874	9606.ENSP00000402154	MEF2C	MEF2B	9606	0.863	0	0	0.075	0	0.682	0.5	0.178
9606.ENSP00000343925	9606.ENSP00000389814	ESR2	ADIPOQ	9606	0.445	0	0	0	0.042	0	0	0.444
9606.ENSP00000343925	9606.ENSP00000355316	ESR2	GRM3	9606	0.446	0	0	0	0.044	0	0	0.444
9606.ENSP00000343925	9606.ENSP00000421710	ESR2	GNGT2	9606	0.5	0	0	0	0.042	0	0.5	0
9606.ENSP00000344488	9606.ENSP00000368966	JPH1	TRPC3	9606	0.486	0	0	0	0.048	0.092	0	0.453
9606.ENSP00000344488	9606.ENSP00000355192	JPH1	CACNA1S	9606	0.792	0	0	0	0.1	0.312	0	0.691
9606.ENSP00000344488	9606.ENSP00000352608	JPH1	RYR1	9606	0.948	0	0	0	0.126	0	0	0.943
9606.ENSP00000345179	9606.ENSP00000363868	APOD	ABCA1	9606	0.515	0	0	0	0.042	0	0	0.515
9606.ENSP00000345672	9606.ENSP00000416707	CTSB	XKR6	9606	0.477	0	0	0	0	0	0	0.477
9606.ENSP00000345672	9606.ENSP00000377833	CTSB	ANXA4	9606	0.481	0	0	0	0.077	0.071	0	0.443
9606.ENSP00000345672	9606.ENSP00000491537	CTSB	FDFT1	9606	0.612	0	0	0	0	0	0	0.612
9606.ENSP00000349446	9606.ENSP00000363868	ARG1	ABCA1	9606	0.4	0	0	0	0.061	0	0	0.387
9606.ENSP00000349446	9606.ENSP00000359976	ARG1	CTH	9606	0.472	0.097	0	0	0.066	0	0	0.423
9606.ENSP00000349446	9606.ENSP00000360316	ARG1	DHCR24	9606	0.476	0	0	0	0.068	0	0	0.461
9606.ENSP00000349446	9606.ENSP00000364986	ARG1	AGMAT	9606	0.498	0	0	0.191	0.09	0	0	0.372
9606.ENSP00000349790	9606.ENSP00000380901	COL9A1	COL8A2	9606	0.519	0	0	0.156	0	0	0.4	0.126
9606.ENSP00000349790	9606.ENSP00000363840	COL9A1	COL11A2	9606	0.689	0	0	0.135	0.229	0	0.4	0.315
9606.ENSP00000349790	9606.ENSP00000364000	COL9A1	COL5A2	9606	0.697	0	0	0.154	0	0	0.4	0.451
9606.ENSP00000349790	9606.ENSP00000362870	COL9A1	MATN1	9606	0.739	0	0.095	0	0.127	0.44	0	0.479
9606.ENSP00000349790	9606.ENSP00000359114	COL9A1	COL11A1	9606	0.752	0	0	0.108	0.105	0	0.4	0.543
9606.ENSP00000349790	9606.ENSP00000383894	COL9A1	MATN3	9606	0.891	0	0	0	0.086	0.099	0	0.878
9606.ENSP00000349790	9606.ENSP00000369889	COL9A1	COL2A1	9606	0.918	0	0	0.147	0.238	0.622	0.4	0.534
9606.ENSP00000349790	9606.ENSP00000361834	COL9A1	COL9A2	9606	0.988	0	0	0.076	0.049	0.9	0.8	0.458
9606.ENSP00000352608	9606.ENSP00000430075	RYR1	AMPD1	9606	0.408	0	0	0	0.163	0	0	0.322
9606.ENSP00000352608	9606.ENSP00000400365	RYR1	LAMA2	9606	0.456	0	0	0	0.058	0	0	0.447
9606.ENSP00000352608	9606.ENSP00000368966	RYR1	TRPC3	9606	0.545	0	0	0	0.06	0	0	0.536
9606.ENSP00000352608	9606.ENSP00000371336	RYR1	TNNI2	9606	0.552	0	0	0	0.38	0.096	0	0.265
9606.ENSP00000352608	9606.ENSP00000400908	RYR1	MYBPC1	9606	0.584	0	0	0	0.342	0.068	0	0.375
9606.ENSP00000352608	9606.ENSP00000375647	RYR1	CACNG7	9606	0.732	0	0	0	0.084	0	0.72	0
9606.ENSP00000352608	9606.ENSP00000355192	RYR1	CACNA1S	9606	0.997	0	0	0	0.342	0.095	0.72	0.985
9606.ENSP00000355192	9606.ENSP00000371336	CACNA1S	TNNI2	9606	0.537	0	0	0	0.265	0	0	0.396
9606.ENSP00000355192	9606.ENSP00000375855	CACNA1S	PDC	9606	0.574	0	0	0	0.089	0	0	0.552
9606.ENSP00000355192	9606.ENSP00000469759	CACNA1S	LRIT3	9606	0.581	0	0	0	0.083	0	0	0.561
9606.ENSP00000355192	9606.ENSP00000421710	CACNA1S	GNGT2	9606	0.685	0	0	0	0.09	0	0.65	0.091
9606.ENSP00000355192	9606.ENSP00000375647	CACNA1S	CACNG7	9606	0.913	0	0	0	0.042	0.041	0.9	0.172
9606.ENSP00000355316	9606.ENSP00000494788	GRM3	CASK	9606	0.417	0	0	0	0	0.088	0	0.387
9606.ENSP00000355316	9606.ENSP00000362014	GRM3	DNM1	9606	0.462	0	0	0	0.099	0	0	0.427
9606.ENSP00000355316	9606.ENSP00000497110	GRM3	GRM6	9606	0.511	0	0	0.075	0.082	0.072	0.4	0.124
9606.ENSP00000355689	9606.ENSP00000355847	GUK1	PDE10A	9606	0.906	0	0	0	0.068	0.046	0.9	0.074
9606.ENSP00000355847	9606.ENSP00000400882	PDE10A	CAPNS2	9606	0.418	0	0	0	0	0	0	0.418
9606.ENSP00000355847	9606.ENSP00000430075	PDE10A	AMPD1	9606	0.677	0	0	0	0	0	0.65	0.115
9606.ENSP00000355847	9606.ENSP00000501053	PDE10A	ADCY7	9606	0.756	0	0	0	0.055	0.126	0.67	0.208
9606.ENSP00000356070	9606.ENSP00000356828	MAPKAPK2	RCSD1	9606	0.774	0	0	0	0.049	0.292	0	0.692
9606.ENSP00000356828	9606.ENSP00000401010	RCSD1	CAPZB	9606	0.781	0	0	0	0.05	0.779	0	0
9606.ENSP00000357005	9606.ENSP00000494788	F11R	CASK	9606	0.614	0	0	0	0.042	0.523	0	0.224
9606.ENSP00000357060	9606.ENSP00000402152	ATP1A4	SLC12A3	9606	0.411	0.041	0	0	0	0.071	0	0.392
9606.ENSP00000358590	9606.ENSP00000386845	ZNF292	ZNF385B	9606	0.444	0	0	0	0	0	0	0.444
9606.ENSP00000358590	9606.ENSP00000386433	ZNF292	ZNF638	9606	0.482	0	0	0	0.388	0.095	0	0.14
9606.ENSP00000358719	9606.ENSP00000496597	ME1	PFKM	9606	0.473	0.091	0	0	0.055	0	0	0.436
9606.ENSP00000359022	9606.ENSP00000389814	ELOVL3	ADIPOQ	9606	0.48	0	0	0	0.059	0	0	0.47
9606.ENSP00000359022	9606.ENSP00000379011	ELOVL3	CPT1B	9606	0.577	0	0	0	0	0	0	0.577
9606.ENSP00000359114	9606.ENSP00000367952	COL11A1	UCMA	9606	0.421	0	0	0	0	0	0	0.421
9606.ENSP00000359114	9606.ENSP00000400365	COL11A1	LAMA2	9606	0.457	0	0	0	0.099	0.068	0	0.405
9606.ENSP00000359114	9606.ENSP00000435389	COL11A1	PLEKHA7	9606	0.582	0	0	0	0	0	0	0.582
9606.ENSP00000359114	9606.ENSP00000380901	COL11A1	COL8A2	9606	0.584	0	0	0.102	0.181	0	0.4	0.17
9606.ENSP00000359114	9606.ENSP00000383894	COL11A1	MATN3	9606	0.658	0	0	0	0.2	0.099	0	0.564
9606.ENSP00000359114	9606.ENSP00000361834	COL11A1	COL9A2	9606	0.673	0	0	0.105	0	0	0.4	0.441
9606.ENSP00000359114	9606.ENSP00000363840	COL11A1	COL11A2	9606	0.952	0	0	0.055	0.043	0	0.9	0.533
9606.ENSP00000359114	9606.ENSP00000364000	COL11A1	COL5A2	9606	0.976	0	0	0.079	0.405	0.099	0.72	0.855
9606.ENSP00000359114	9606.ENSP00000369889	COL11A1	COL2A1	9606	0.976	0	0	0.091	0.133	0.099	0.72	0.9
9606.ENSP00000359382	9606.ENSP00000482093	PASD1	PER3	9606	0.462	0	0	0	0	0.434	0	0.09
9606.ENSP00000359976	9606.ENSP00000364986	CTH	AGMAT	9606	0.471	0.097	0	0	0.139	0	0	0.374
9606.ENSP00000360316	9606.ENSP00000363868	DHCR24	ABCA1	9606	0.537	0	0	0	0	0	0	0.537
9606.ENSP00000360316	9606.ENSP00000491537	DHCR24	FDFT1	9606	0.831	0	0	0	0.218	0	0	0.793
9606.ENSP00000360316	9606.ENSP00000380837	DHCR24	LSS	9606	0.982	0	0	0	0.38	0	0.9	0.735
9606.ENSP00000360493	9606.ENSP00000364946	RUNX2	MKX	9606	0.405	0	0	0	0.044	0	0	0.403
9606.ENSP00000360493	9606.ENSP00000360762	RUNX2	ANKRD1	9606	0.469	0	0	0	0	0	0	0.469
9606.ENSP00000360493	9606.ENSP00000389814	RUNX2	ADIPOQ	9606	0.488	0	0	0	0	0	0	0.488
9606.ENSP00000360493	9606.ENSP00000367952	RUNX2	UCMA	9606	0.639	0	0	0	0	0	0.5	0.307
9606.ENSP00000360493	9606.ENSP00000368880	RUNX2	FOXO1	9606	0.68	0	0	0	0	0	0	0.68
9606.ENSP00000360493	9606.ENSP00000369889	RUNX2	COL2A1	9606	0.777	0	0	0	0	0	0	0.777
9606.ENSP00000360493	9606.ENSP00000443827	RUNX2	SP7	9606	0.977	0	0	0	0	0.067	0.5	0.955
9606.ENSP00000361141	9606.ENSP00000497110	OPN4	GRM6	9606	0.593	0	0	0	0.077	0	0	0.577
9606.ENSP00000361141	9606.ENSP00000386444	OPN4	SAG	9606	0.595	0	0	0	0.106	0.136	0	0.518
9606.ENSP00000361141	9606.ENSP00000482093	OPN4	PER3	9606	0.621	0	0	0	0	0	0	0.621
9606.ENSP00000361141	9606.ENSP00000368966	OPN4	TRPC3	9606	0.678	0	0	0	0.094	0.093	0	0.639
9606.ENSP00000361177	9606.ENSP00000371514	LRIT1	KCNV2	9606	0.401	0	0	0	0.324	0.049	0	0.143
9606.ENSP00000361177	9606.ENSP00000469759	LRIT1	LRIT3	9606	0.489	0	0	0.101	0.294	0.186	0	0.128
9606.ENSP00000361177	9606.ENSP00000485478	LRIT1	CDHR1	9606	0.598	0	0	0	0.111	0.045	0	0.564
9606.ENSP00000361177	9606.ENSP00000438264	LRIT1	LRIT2	9606	0.861	0	0	0.112	0.796	0.1	0	0.249
9606.ENSP00000361834	9606.ENSP00000380901	COL9A2	COL8A2	9606	0.561	0	0	0.187	0.067	0	0.4	0.15
9606.ENSP00000361834	9606.ENSP00000363840	COL9A2	COL11A2	9606	0.616	0	0	0.122	0.098	0	0.4	0.288
9606.ENSP00000361834	9606.ENSP00000364000	COL9A2	COL5A2	9606	0.679	0	0	0.137	0	0	0.4	0.43
9606.ENSP00000361834	9606.ENSP00000369889	COL9A2	COL2A1	9606	0.735	0	0	0.137	0.136	0	0.4	0.478
9606.ENSP00000361834	9606.ENSP00000383894	COL9A2	MATN3	9606	0.921	0	0	0	0.067	0.099	0	0.913
9606.ENSP00000362444	9606.ENSP00000392500	DLGAP3	NLGN1	9606	0.737	0	0	0	0.086	0	0.5	0.471
9606.ENSP00000362870	9606.ENSP00000363840	MATN1	COL11A2	9606	0.422	0	0	0	0.113	0.099	0	0.334
9606.ENSP00000362870	9606.ENSP00000383894	MATN1	MATN3	9606	0.639	0	0	0	0.132	0.292	0.4	0.137
9606.ENSP00000362870	9606.ENSP00000369889	MATN1	COL2A1	9606	0.741	0	0	0	0.105	0.099	0	0.705
9606.ENSP00000363068	9606.ENSP00000363840	PCDH15	COL11A2	9606	0.434	0	0	0	0	0.045	0	0.432
9606.ENSP00000363068	9606.ENSP00000485478	PCDH15	CDHR1	9606	0.475	0	0	0	0.046	0.292	0	0.286
9606.ENSP00000363840	9606.ENSP00000380901	COL11A2	COL8A2	9606	0.525	0	0	0.119	0.059	0	0.4	0.157
9606.ENSP00000363840	9606.ENSP00000364000	COL11A2	COL5A2	9606	0.904	0	0	0.097	0.122	0.099	0.72	0.598
9606.ENSP00000363840	9606.ENSP00000369889	COL11A2	COL2A1	9606	0.965	0	0	0.116	0.193	0.091	0.72	0.84
9606.ENSP00000363868	9606.ENSP00000491537	ABCA1	FDFT1	9606	0.477	0	0	0	0	0.054	0	0.47
9606.ENSP00000363868	9606.ENSP00000389814	ABCA1	ADIPOQ	9606	0.488	0	0	0	0.06	0	0	0.478
9606.ENSP00000364000	9606.ENSP00000400365	COL5A2	LAMA2	9606	0.525	0	0	0	0.191	0.068	0	0.421
9606.ENSP00000364000	9606.ENSP00000446007	COL5A2	VIM	9606	0.566	0	0	0	0.198	0.05	0	0.475
9606.ENSP00000364000	9606.ENSP00000380901	COL5A2	COL8A2	9606	0.574	0	0	0.164	0.097	0	0.4	0.17
9606.ENSP00000364000	9606.ENSP00000369889	COL5A2	COL2A1	9606	0.878	0	0	0.059	0.042	0	0.72	0.574
9606.ENSP00000364986	9606.ENSP00000430075	AGMAT	AMPD1	9606	0.503	0	0	0	0.086	0	0	0.479
9606.ENSP00000365016	9606.ENSP00000389814	IRS2	ADIPOQ	9606	0.601	0	0	0	0	0	0	0.601
9606.ENSP00000365016	9606.ENSP00000368880	IRS2	FOXO1	9606	0.825	0	0	0	0.134	0.091	0	0.796
9606.ENSP00000366410	9606.ENSP00000379042	NMNAT1	ERO1A	9606	0.426	0	0	0	0.047	0	0	0.423
9606.ENSP00000367952	9606.ENSP00000443827	UCMA	SP7	9606	0.661	0	0	0	0.06	0	0.5	0.337
9606.ENSP00000368278	9606.ENSP00000392500	IL1RAPL1	NLGN1	9606	0.512	0	0	0	0.109	0.127	0	0.423
9606.ENSP00000368880	9606.ENSP00000420927	FOXO1	PDK2	9606	0.413	0	0	0	0	0	0	0.413
9606.ENSP00000368880	9606.ENSP00000462521	FOXO1	TXNIP	9606	0.46	0	0	0	0.064	0	0	0.447
9606.ENSP00000368880	9606.ENSP00000446007	FOXO1	VIM	9606	0.474	0	0	0	0	0.046	0	0.471
9606.ENSP00000368880	9606.ENSP00000389814	FOXO1	ADIPOQ	9606	0.692	0	0	0	0.047	0	0	0.691
9606.ENSP00000368880	9606.ENSP00000478672	FOXO1	RAG2	9606	0.837	0	0	0	0.052	0	0.75	0.37
9606.ENSP00000369399	9606.ENSP00000380901	SLC4A11	COL8A2	9606	0.962	0	0	0	0	0	0	0.962
9606.ENSP00000369889	9606.ENSP00000383894	COL2A1	MATN3	9606	0.581	0	0	0	0.111	0.099	0	0.518
9606.ENSP00000369889	9606.ENSP00000443827	COL2A1	SP7	9606	0.611	0	0	0	0.042	0.053	0	0.606
9606.ENSP00000369889	9606.ENSP00000380901	COL2A1	COL8A2	9606	0.795	0	0	0.161	0	0.598	0.4	0.106
9606.ENSP00000371336	9606.ENSP00000430075	TNNI2	AMPD1	9606	0.451	0	0	0	0.411	0	0	0.106
9606.ENSP00000371336	9606.ENSP00000404203	TNNI2	CKMT2	9606	0.48	0	0	0	0.178	0.069	0	0.375
9606.ENSP00000371336	9606.ENSP00000400908	TNNI2	MYBPC1	9606	0.754	0	0	0	0.352	0	0	0.635
9606.ENSP00000371398	9606.ENSP00000400365	GLIS3	LAMA2	9606	0.414	0	0	0	0.091	0.091	0	0.348
9606.ENSP00000371398	9606.ENSP00000435389	GLIS3	PLEKHA7	9606	0.416	0	0	0	0.043	0.071	0	0.396
9606.ENSP00000371514	9606.ENSP00000485478	KCNV2	CDHR1	9606	0.604	0	0	0	0.087	0	0	0.584
9606.ENSP00000372959	9606.ENSP00000397655	LRRC30	ASB15	9606	0.449	0	0	0	0.129	0.093	0	0.359
9606.ENSP00000372959	9606.ENSP00000391137	LRRC30	ASB10	9606	0.544	0	0	0	0.256	0.093	0	0.379
9606.ENSP00000375855	9606.ENSP00000386444	PDC	SAG	9606	0.772	0	0	0	0.101	0	0	0.757
9606.ENSP00000377779	9606.ENSP00000400365	SV2B	LAMA2	9606	0.658	0	0	0	0.042	0	0.65	0.064
9606.ENSP00000378635	9606.ENSP00000400365	DRP2	LAMA2	9606	0.562	0	0	0	0.074	0	0.5	0.13
9606.ENSP00000379011	9606.ENSP00000389814	CPT1B	ADIPOQ	9606	0.46	0	0	0	0	0	0	0.46
9606.ENSP00000379042	9606.ENSP00000404854	ERO1A	NDRG1	9606	0.427	0	0	0	0.204	0	0	0.309
9606.ENSP00000380837	9606.ENSP00000491537	LSS	FDFT1	9606	0.989	0.115	0	0.394	0.446	0	0	0.967
9606.ENSP00000381098	9606.ENSP00000392500	GRIP1	NLGN1	9606	0.422	0	0	0	0	0.091	0	0.391
9606.ENSP00000386444	9606.ENSP00000462521	SAG	TXNIP	9606	0.606	0	0	0	0	0	0	0.606
9606.ENSP00000386845	9606.ENSP00000460236	ZNF385B	SPON1	9606	0.405	0	0	0	0.066	0	0	0.389
9606.ENSP00000389814	9606.ENSP00000443827	ADIPOQ	SP7	9606	0.437	0	0	0	0.055	0	0	0.429
9606.ENSP00000391137	9606.ENSP00000397655	ASB10	ASB15	9606	0.462	0	0	0.224	0.174	0	0	0.228
9606.ENSP00000392411	9606.ENSP00000478639	SLC13A2	SLC1A7	9606	0.488	0	0	0	0.08	0	0.208	0.353
9606.ENSP00000392500	9606.ENSP00000494788	NLGN1	CASK	9606	0.808	0	0	0	0.059	0.093	0.5	0.604
9606.ENSP00000393333	9606.ENSP00000421710	TBXA2R	GNGT2	9606	0.555	0	0	0	0.044	0.12	0.5	0.067
9606.ENSP00000397655	9606.ENSP00000480740	ASB15	LRRC39	9606	0.452	0	0	0	0.118	0.093	0	0.37
9606.ENSP00000400908	9606.ENSP00000430075	MYBPC1	AMPD1	9606	0.451	0	0	0	0.31	0.071	0	0.211
9606.ENSP00000400908	9606.ENSP00000498684	MYBPC1	FHL1	9606	0.536	0	0	0	0.061	0.294	0	0.355
9606.ENSP00000401010	9606.ENSP00000494788	CAPZB	CASK	9606	0.541	0	0	0	0.054	0.093	0.5	0.057
9606.ENSP00000420927	9606.ENSP00000496597	PDK2	PFKM	9606	0.55	0.043	0	0	0.127	0.091	0	0.477
9606.ENSP00000421710	9606.ENSP00000501053	GNGT2	ADCY7	9606	0.701	0	0	0	0.07	0	0.65	0.156
9606.ENSP00000430075	9606.ENSP00000496597	AMPD1	PFKM	9606	0.404	0	0	0	0.113	0	0	0.355
9606.ENSP00000438264	9606.ENSP00000485478	LRIT2	CDHR1	9606	0.629	0	0	0	0.276	0	0	0.509
9606.ENSP00000462521	9606.ENSP00000492001	TXNIP	PFKFB3	9606	0.486	0	0	0	0.056	0.292	0	0.293
9606.ENSP00000469759	9606.ENSP00000497110	LRIT3	GRM6	9606	0.723	0	0	0	0	0	0	0.723
9606.ENSP00000492001	9606.ENSP00000496597	PFKFB3	PFKM	9606	0.996	0	0	0	0.055	0.066	0.925	0.956
